,Unnamed: 0,users,actions,timestamp,clientIP
59783,63011,10332,bXlfb3JkZXJz,1577810350,MTI2LjI1MS42Ni4yMQ==
60996,62590,10332,bXlfb3JkZXJz,1578015776,MTI2LjI1MS42Ni4yMQ==
97768,99213,10508,bXlfb3JkZXJz,1578073422,OTAuMjIuNjcuMTI0
124730,124187,10652,bXlfb3JkZXJz,1578342851,NTEuMjA5LjM3LjIy
130723,132006,10692,bW9kaWZ5X3Bhc3N3b3Jk,1577878683,MTQ3LjE4My4xOTAuMTM=
185117,187270,10928,bW9kaWZ5X3Bhc3N3b3Jk,1577849988,MTkxLjI5LjI1Mi4xNjU=
229118,228028,11163,bXlfb3JkZXJz,1578274043,NjIuMTEzLjEzMi4yMTM=
244552,246383,11208,bXlfb3JkZXJz,1577847080,MTAzLjExOS4yNDUuMTM0
272271,273148,11292,bXlfb3JkZXJz,1577928580,MTUyLjEyMS4xNjEuMTI2
285593,284827,11341,bXlfb3JkZXJz,1578137336,MjAwLjg3LjE0NS4xMDM=
347103,346124,11661,bW9kaWZ5X3Bhc3N3b3Jk,1578298172,NDQuMTUwLjU5LjEzOA==
351203,351535,11667,bXlfb3JkZXJz,1577864204,MTM3LjE5OS4wLjMx
357706,357926,11729,bW9kaWZ5X3Bhc3N3b3Jk,1578361921,MjQ1LjIwMS4xNjUuNjM=
394161,391867,11879,bXlfb3JkZXJz,1578255406,NDYuNjAuODIuMTc5
400403,401428,11933,bW9kaWZ5X3Bhc3N3b3Jk,1577887382,MTMyLjUwLjExNS40MQ==
422715,421292,12011,bXlfb3JkZXJz,1578396192,NDcuMTUuMjQ0Ljg3
430672,434750,12032,bXlfb3JkZXJz,1577833797,MTA3LjIxMS4xNzEuNjg=
437443,437664,12034,bXlfb3JkZXJz,1578149293,MzIuMTM2LjE1MC44Mg==
450314,450241,12079,bXlfb3JkZXJz,1578164585,MTYxLjEzNy4xODAuMTky
468486,468900,12136,bXlfb3JkZXJz,1577833291,MTAxLjE4My41Ni4yNDQ=
469231,469075,12136,bXlfb3JkZXJz,1577928670,MTAxLjE4My41Ni4yNDQ=
481877,481035,12154,bW9kaWZ5X3Bhc3N3b3Jk,1578218402,NDguMjIxLjIzNS42Mw==
511252,510249,12267,bW9kaWZ5X3Bhc3N3b3Jk,1578342162,OTcuMTQ2LjI0Mi4xMDg=
513353,514808,12275,bXlfb3JkZXJz,1578018207,MjI5LjEzMC4yNy4yMzI=
547832,546676,12443,bXlfb3JkZXJz,1578188583,NjMuMjU0LjE5OC4xOTk=
570523,569483,12520,bXlfb3JkZXJz,1578231797,MjM4LjgwLjE0NS43OA==
575042,575514,12566,dmlld19zdG9yZQ==,1578274707,MjI0LjIzMC4xMDQuNTM=
602307,602587,12696,bW9kaWZ5X3Bhc3N3b3Jk,1578071330,MTY1LjM2LjEyOS4xMjg=
622217,622851,12786,bXlfb3JkZXJz,1578322792,ODkuMTk1LjExMS40OQ==
652196,652608,12853,bW9kaWZ5X3Bhc3N3b3Jk,1578184185,ODAuMjA0LjE1MC4xODk=
658067,654557,12854,bXlfb3JkZXJz,1578383717,MjA4LjI0OS4xNDEuMjQ3
659945,659328,12856,bXlfb3JkZXJz,1578313915,NTcuNDQuMjQ1LjIyMQ==
664868,663263,12882,bW9kaWZ5X3Bhc3N3b3Jk,1578058409,MjcuMTE5LjE1My4xMTQ=
681413,681819,12944,bW9kaWZ5X3Bhc3N3b3Jk,1578068973,NjIuNzcuNTcuNTM=
768746,768307,13256,bW9kaWZ5X3Bhc3N3b3Jk,1578031346,MTQ3Ljk3LjE2LjIyNg==
773012,772572,13265,bXlfb3JkZXJz,1577980286,MzYuNDYuMjE1LjE0OA==
784925,786640,13314,bXlfb3JkZXJz,1578010371,MjE3LjIxNC4xNTQuNDk=
824909,826787,13422,bXlfb3JkZXJz,1577857565,MTEyLjIyMC40OS4xNjY=
849948,850514,13503,bXlfb3JkZXJz,1577863383,MTc1LjIyMC4xNC40Mg==
862456,863034,13528,bW9kaWZ5X3Bhc3N3b3Jk,1578168029,MjEzLjE3OS43OS4xNzg=
908583,904751,13706,bXlfb3JkZXJz,1578385398,NjUuMjMuMjkuMTI5
921343,920546,13780,bXlfb3JkZXJz,1578031262,MTc1LjE3OC4xLjEx
938852,938657,13868,bXlfb3JkZXJz,1578119426,MjEzLjE1LjEzLjYz
986067,985545,14075,bW9kaWZ5X3Bhc3N3b3Jk,1578007420,MTc1LjIyMC4xNC40Mg==
1035514,1036607,14311,bXlfb3JkZXJz,1578015824,MjM1LjIwNy4xOTkuODE=
1035974,1035072,14311,bXlfb3JkZXJz,1578079539,MjM1LjIwNy4xOTkuODE=
1040475,1044980,14314,bW9kaWZ5X3Bhc3N3b3Jk,1577948407,MjIuMTg4LjcyLjEzMA==
1059319,1061063,14365,bW9kaWZ5X3Bhc3N3b3Jk,1577842285,MTQwLjE4My4xNDEuMjE3
1063153,1061768,14365,bXlfb3JkZXJz,1578363900,OTEuMTk5LjI0Mi44Nw==
1076688,1076335,14399,bXlfb3JkZXJz,1578351621,NzMuMjQyLjIyNy4xNjk=
1087842,1086735,14426,bXlfb3JkZXJz,1578241081,MzMuMTgxLjUzLjE0NQ==
1101813,1101515,14443,bW9kaWZ5X3Bhc3N3b3Jk,1578390796,ODIuMjAuMTA0LjIyOA==
1106072,1107627,14458,bW9kaWZ5X3Bhc3N3b3Jk,1577984548,MTIwLjEyMS4yMjQuMTc3
1129301,1129002,14600,bXlfb3JkZXJz,1578201527,MjQ5LjEwOS43Mi4xODE=
1139874,1138477,14645,bXlfb3JkZXJz,1578252104,MTczLjE3NS4xMzQuMjA2
1149099,1147989,14676,bXlfb3JkZXJz,1578301446,NTQuMTg5LjMuMTQ4
1189451,1192744,14908,bW9kaWZ5X3Bhc3N3b3Jk,1577856796,MTQ4LjYxLjIzNy4xNzI=
1223644,1223853,15080,bXlfb3JkZXJz,1578100009,MjUuMTkwLjE0OS4xNTY=
1233757,1233273,15090,bXlfb3JkZXJz,1578167096,MTY4LjIzOC41MS4yMQ==
1234943,1236248,15118,bXlfb3JkZXJz,1577861230,MC4xMDcuMTQ3LjEzOQ==
1235000,1236573,15118,bXlfb3JkZXJz,1577876269,MC4xMDcuMTQ3LjEzOQ==
1260813,1260445,15182,bXlfb3JkZXJz,1578032388,MTIxLjIzNC4xMDMuMTE=
1274008,1276004,15215,bXlfb3JkZXJz,1577977344,MTU4LjE0NS4yMTMuNzM=
1338730,1338702,15531,bXlfb3JkZXJz,1578010047,MTAyLjc5LjYzLjIyOQ==
1345550,1346887,15608,bXlfb3JkZXJz,1577945991,MTM3LjE2OS4xOTguMjM2
1347092,1346662,15608,bW9kaWZ5X3Bhc3N3b3Jk,1578397631,NzcuNzQuMzYuOA==
1382881,1383212,15760,bXlfb3JkZXJz,1577844143,MTA5LjEyNi4xMzguMTQz
1393195,1392094,15790,bXlfb3JkZXJz,1578392357,MjMyLjYuMTM0LjY2
1486483,1484768,16180,bXlfb3JkZXJz,1578242034,MzEuMjM1LjEzLjE0Mw==
1492868,1492774,16218,bXlfb3JkZXJz,1578300415,NzYuMTUzLjk0LjQy
1497498,1496265,16268,bW9kaWZ5X3Bhc3N3b3Jk,1578116911,MjQwLjIzMi45Ny4zMg==
1501495,1501042,16269,bW9kaWZ5X3Bhc3N3b3Jk,1578240732,MjcuMC4xLjc5
1501715,1501347,16269,bXlfb3JkZXJz,1578300843,MjcuMC4xLjc5
1518716,1516879,16319,bW9kaWZ5X3Bhc3N3b3Jk,1577985205,NjguMTQ5LjQxLjEwMA==
1527703,1527173,16372,bXlfb3JkZXJz,1577922163,MTIyLjkyLjEwNC4xNDU=
1531173,1528407,16372,bXlfb3JkZXJz,1578387140,MjUuMTQzLjM2LjE3MA==
1538389,1535546,16393,bXlfb3JkZXJz,1578315446,NjMuMjQyLjE2NS4xNzY=
1547454,1544026,16413,bW9kaWZ5X3Bhc3N3b3Jk,1578399100,MTguMTcxLjg1LjIxMg==
1549797,1548924,16416,bW9kaWZ5X3Bhc3N3b3Jk,1578271514,NDUuNzQuNjYuMTQ2
1610563,1609718,16636,bXlfb3JkZXJz,1578089026,MTM5Ljc0LjE4OC4yMDg=
1625843,1625344,16689,bW9kaWZ5X3Bhc3N3b3Jk,1578313052,OTcuMTQ2LjI0Mi4xMDg=
1641040,1640561,16760,bXlfb3JkZXJz,1578024252,MTc0LjUuMjAuNTA=
1664260,1664677,16883,bXlfb3JkZXJz,1578073620,MTgxLjE0Ny41OC4xMjI=
1682864,1682729,16978,bXlfb3JkZXJz,1578174046,MTg3LjM1LjE0LjIxMQ==
1693242,1691788,17007,bXlfb3JkZXJz,1578257204,ODAuNTcuMjQyLjE1NQ==
1714951,1716173,17099,bW9kaWZ5X3Bhc3N3b3Jk,1578001700,MjIyLjE0NC4yMDkuODM=
1730834,1730872,17191,bXlfb3JkZXJz,1578227419,NzIuOTcuMzguMjI4
1767659,1767669,17440,bXlfb3JkZXJz,1578208408,MjEzLjE3OS43OS4xNzg=
1771208,1774501,17475,bXlfb3JkZXJz,1577903584,MTAxLjE5NS4xNDEuMjMy
1829383,1832297,17631,bXlfb3JkZXJz,1577843472,MTMuMjAuOTcuMTUz
1842798,1844323,17708,bW9kaWZ5X3Bhc3N3b3Jk,1577825664,MTI4LjIwNS4xOTguMTg3
1852452,1852462,17728,bXlfb3JkZXJz,1578379848,NTkuMjQ0LjE1NS4yMDU=
1857397,1856599,17770,bXlfb3JkZXJz,1578213315,NTYuOTAuNTUuMjA0
1873189,1872518,17797,bXlfb3JkZXJz,1578321101,NDcuMTE5LjE4MS4xNTU=
1896215,1896328,17988,bXlfb3JkZXJz,1578213636,MjMwLjExOS4xNDAuNTQ=
2009748,2007642,18228,bW9kaWZ5X3Bhc3N3b3Jk,1578400091,NzQuNDguMTU2LjQz
2017749,2016815,18265,bW9kaWZ5X3Bhc3N3b3Jk,1578102462,MjkuMTg2LjExNi4yMzE=
2027173,2026614,18350,bW9kaWZ5X3Bhc3N3b3Jk,1578111429,MjA5LjE3NS43OS4xNjM=
2062731,2062485,18465,bXlfb3JkZXJz,1578363619,MTQ5LjEzMC42LjEzNA==
2063825,2063222,18481,bXlfb3JkZXJz,1577976577,MC4xNTEuMTUzLjM1
2085772,2086465,18527,bXlfb3JkZXJz,1578185905,MTk3Ljc1Ljc0LjExNQ==
2112299,2112402,18608,bXlfb3JkZXJz,1578043351,MjE0LjE3Ni4yMzQuMTc2
2203745,2203520,18980,bXlfb3JkZXJz,1578412368,OTMuMTc1LjE3Ny4xMjg=
2206397,2203926,18981,bXlfb3JkZXJz,1578140046,MTM5LjE2MS4xMzMuMjQx
2206684,2207189,18981,bXlfb3JkZXJz,1578172518,MTM5LjE2MS4xMzMuMjQx
2215921,2214723,19021,bW9kaWZ5X3Bhc3N3b3Jk,1578409221,MjQ2LjkwLjE2LjE1NA==
2228271,2228591,19102,bXlfb3JkZXJz,1578249934,MjguMTM4LjIyMi40NA==
2242393,2244444,19158,bXlfb3JkZXJz,1577964854,MTM3LjEzOC4xMzkuMTM5
2247703,2248439,19162,bXlfb3JkZXJz,1578073522,NTMuMTE5LjE2NC4yNQ==
2281500,2280181,19299,bW9kaWZ5X3Bhc3N3b3Jk,1578101372,MTI4LjIwNS4xOTguMTg3
2281696,2280875,19299,bXlfb3JkZXJz,1578131813,MTI4LjIwNS4xOTguMTg3
2283374,2280483,19299,bXlfb3JkZXJz,1578358877,NTQuMTg3LjkzLjEyMQ==
2284434,2287002,19311,bXlfb3JkZXJz,1577882254,MTI4LjI0NC44MC4xMTU=
2344445,2343689,19523,bW9kaWZ5X3Bhc3N3b3Jk,1578236868,MjYuMjQ4LjIzNi4xNDE=
2355368,2354953,19546,bXlfb3JkZXJz,1578355510,NzEuOC4xNDguNjk=
2407991,2405035,19809,bW9kaWZ5X3Bhc3N3b3Jk,1578223196,NDQuMTU3LjYzLjM3
2425090,2428601,19900,bW9kaWZ5X3Bhc3N3b3Jk,1577915884,MTEuNTMuMjMyLjEzOQ==
2445994,2446736,20004,bW9kaWZ5X3Bhc3N3b3Jk,1577898061,MTgyLjE3OC4xMC4xNQ==
2488119,2488468,20169,bXlfb3JkZXJz,1578313417,NDUuMTg5LjE0MS41OQ==
2506047,2508195,20191,bXlfb3JkZXJz,1578043408,MTQ3LjIwMi4xOS40MA==
2517852,2518343,20224,bXlfb3JkZXJz,1578190577,MjAzLjI1My4yNDcuMTM=
2528858,2525803,20278,bXlfb3JkZXJz,1578342664,NjQuNTIuODIuNzg=
2535376,2533646,20308,bXlfb3JkZXJz,1578190825,NTMuMTk3LjE2NC4yNg==
2548841,2549519,20348,bXlfb3JkZXJz,1578163841,MTU3LjIzLjE3OS4xNTM=
2554111,2553633,20390,bXlfb3JkZXJz,1577915748,MTU1LjExNy4xNTkuMTE=
2562899,2562900,20405,bXlfb3JkZXJz,1578161810,MTkzLjExLjE0LjU4
2584217,2584099,20473,bXlfb3JkZXJz,1577994929,MTcxLjEyMi45My4yMjg=
2602208,2602188,20537,bXlfb3JkZXJz,1577873405,MC4xMTMuMTM3Ljcz
2608765,2616530,20545,bXlfb3JkZXJz,1577853252,NTMuMTEwLjU0LjE1Nw==
2610818,2613889,20545,bXlfb3JkZXJz,1577989750,MTIxLjIzNS4yNDcuMTMy
2619826,2619942,20555,bXlfb3JkZXJz,1578275636,NDQuMjAxLjI0Mi4xOQ==
2634425,2637410,20628,bXlfb3JkZXJz,1577811095,MTE4LjE2Ny4xNTAuMjQ0
2664271,2664595,20728,bW9kaWZ5X3Bhc3N3b3Jk,1577915458,MjQuNDkuMjE0LjE5OA==
2666062,2665596,20728,bXlfb3JkZXJz,1578153583,ODguMTk1LjE0NC45Mw==
2685070,2684580,20784,bXlfb3JkZXJz,1578131013,MTQ2LjIyNC4yOS4xNDQ=
2687139,2687846,20805,bXlfb3JkZXJz,1577881490,MTE5LjY5LjIzNC4zOA==
2706384,2706512,20819,dmlld19zdG9yZQ==,1578307540,ODUuNTIuMjEwLjE2NA==
2737025,2740651,20981,bXlfb3JkZXJz,1577963504,MTQwLjE3NS40OC45OA==
2762248,2763912,21112,bW9kaWZ5X3Bhc3N3b3Jk,1577822850,MTQwLjIyOS44Ny4xMDk=
2778349,2779362,21164,bXlfb3JkZXJz,1577828752,MTkyLjE4MC4xOTkuMTIw
2799588,2799525,21241,bW9kaWZ5X3Bhc3N3b3Jk,1578009875,MTY4LjgwLjQuOTg=
2835138,2835005,21462,bXlfb3JkZXJz,1578133483,MjM4LjIzNS4xMDguODk=
2838667,2840031,21484,bXlfb3JkZXJz,1578094807,MjU0LjE4Mi4xMDEuMjQ5
2844236,2843674,21489,bXlfb3JkZXJz,1578319501,MTc1LjEzNS4yMDMuMTEx
2893454,2893224,21657,bXlfb3JkZXJz,1577986895,MTk4LjEzNC45MS4xNDI=
2905482,2906780,21699,bXlfb3JkZXJz,1578239356,MjQyLjIxNi4xMDQuMjE0
2943046,2943980,21838,bW9kaWZ5X3Bhc3N3b3Jk,1578248345,MTE5LjE2NS4yOS4yNTE=
2968681,2966955,21916,bXlfb3JkZXJz,1578152217,MjMwLjE5NC41NC45Nw==
2974943,2974175,21945,bXlfb3JkZXJz,1578079751,MTg5LjYuMTA4LjE0Nw==
3018984,3018304,22079,bXlfb3JkZXJz,1578402541,MjAyLjE4Mi4yMjAuMjM=
3025339,3028493,22087,bW9kaWZ5X3Bhc3N3b3Jk,1577908461,MTE5LjE1LjExOC4xNDc=
3039063,3037186,22129,bXlfb3JkZXJz,1578283217,NDcuMTE5LjE4MS4xNTU=
3043663,3043283,22134,bXlfb3JkZXJz,1578291110,NjYuOTQuNDAuNjc=
3064224,3065469,22185,bXlfb3JkZXJz,1577872967,Ni4xMzAuNTEuNzU=
3067601,3065963,22185,dmlld19zdG9yZQ==,1578288451,OTYuMTgzLjE0OC44Mw==
3122900,3125544,22433,bXlfb3JkZXJz,1577845809,MTczLjgyLjE1MS4xMzU=
3128787,3128387,22466,bXlfb3JkZXJz,1578351358,ODUuNzMuMjQyLjc4
3132588,3129713,22474,bW9kaWZ5X3Bhc3N3b3Jk,1578338214,ODAuMjA0LjE1MC4xODk=
3174144,3174123,22686,bW9kaWZ5X3Bhc3N3b3Jk,1577968769,MTAxLjIyMi4xNTAuOQ==
3189415,3191048,22728,bXlfb3JkZXJz,1577854733,MTAuMTE4LjIyMC4xMA==
3214024,3213254,22808,bXlfb3JkZXJz,1578352957,MjEwLjYyLjMyLjIzMw==
3236838,3236656,22923,bXlfb3JkZXJz,1578313201,Ni4zNy4yNTIuMjQ4
3297136,3297304,23161,bW9kaWZ5X3Bhc3N3b3Jk,1578254244,MjQyLjIxNi43MS4xMzU=
3364067,3365128,23398,bXlfb3JkZXJz,1577985634,MTgxLjEzOS44LjEwNg==
3375417,3373213,23423,bW9kaWZ5X3Bhc3N3b3Jk,1578195817,NzQuMzYuMjUzLjE1Mg==
3444107,3446732,23679,dmlld19zdG9yZQ==,1577942001,NjcuMTQuMjQwLjA=
3516308,3518737,23959,bXlfb3JkZXJz,1577913649,MTAuMjM3LjE5OC41Mw==
3522957,3521355,23974,bW9kaWZ5X3Bhc3N3b3Jk,1578246059,NjcuMjIyLjEwNy4xNDU=
3534485,3535735,24032,bXlfb3JkZXJz,1578221164,OTUuNDYuOTIuMTAy
3563863,3564471,24131,bW9kaWZ5X3Bhc3N3b3Jk,1578219571,NzkuMTg0LjExMS4yMTc=
3588444,3588860,24201,bXlfb3JkZXJz,1578127914,MTIwLjQwLjM3LjE2Ng==
3590855,3591609,24205,bXlfb3JkZXJz,1578060370,MjM3LjkzLjE3NS4x
3602032,3604421,24244,bXlfb3JkZXJz,1577862000,MTI4LjIxMy4yMjAuOTE=
3622400,3623487,24294,bXlfb3JkZXJz,1577982832,MjEwLjEwMC4xNTUuNzU=
3650318,3648287,24319,bXlfb3JkZXJz,1578409676,ODcuMjM2LjE0NC45MQ==
3656176,3658160,24354,bXlfb3JkZXJz,1577991763,MTM1LjEwMC4xODguMjU1
3682054,3681733,24466,bW9kaWZ5X3Bhc3N3b3Jk,1578106831,MTYuNDQuNjkuMTE2
3731511,3730522,24633,bXlfb3JkZXJz,1578261846,MzQuMTE2LjQ1LjUx
3744915,3744187,24683,bW9kaWZ5X3Bhc3N3b3Jk,1578359484,MzAuMTA4LjExMy43Mw==
3751000,3750706,24692,bXlfb3JkZXJz,1578162197,MjMwLjgwLjIzOC40NQ==
3760669,3760318,24719,bXlfb3JkZXJz,1578372462,MjQ5LjEzNS4xMTguMjM0
3810734,3809716,24952,bW9kaWZ5X3Bhc3N3b3Jk,1578099698,MjMyLjIyLjk2Ljk1
3833851,3834652,25072,bW9kaWZ5X3Bhc3N3b3Jk,1578099270,MjI4LjkuNzEuMjMy
3860382,3859900,25208,bXlfb3JkZXJz,1578407852,MzQuMjUzLjEwMi45MQ==
3902759,3903169,25380,bXlfb3JkZXJz,1577853248,MTU2LjE1OC4xMjUuMTc=
3910881,3908511,25430,bXlfb3JkZXJz,1578224867,MzUuMjguMTM3LjY4
3928646,3929159,25486,bW9kaWZ5X3Bhc3N3b3Jk,1578041094,MTEuMTk4LjIyMy42OQ==
3950392,3949192,25571,bXlfb3JkZXJz,1578340162,NzMuNi4zNS45MQ==
3953133,3952464,25576,bXlfb3JkZXJz,1577989338,MjExLjEwMi4xNS4xNTE=
3957275,3959040,25583,bXlfb3JkZXJz,1578092167,MTE3LjE0OS4yMi4xNTk=
3962362,3967440,25638,bXlfb3JkZXJz,1577954224,MjE5LjEyMi4xODEuNjU=
3965148,3962265,25638,bXlfb3JkZXJz,1578125925,MTE2LjE0OC4xNDkuNDE=
3977997,3975753,25720,bXlfb3JkZXJz,1578295602,NzcuMjMxLjE5Ni43Mg==
3985197,3986875,25758,bXlfb3JkZXJz,1577918605,MTI4LjIwNS4xOTguMTg3
4036577,4033281,25906,bXlfb3JkZXJz,1578341182,NDkuMjM2LjEwMC4xOTQ=
4049415,4049450,25954,bXlfb3JkZXJz,1577822569,MTEwLjYwLjEwNi4xNjc=
4056163,4056816,25975,bW9kaWZ5X3Bhc3N3b3Jk,1578046721,MTQuODMuMTAzLjE4NA==
4063074,4062825,26040,bXlfb3JkZXJz,1577971443,MTQ3LjIzNy4yNDQuMTE0
4069542,4069841,26077,bXlfb3JkZXJz,1577817320,MTI2LjE3Ni4xNzEuMTA=
4121372,4124137,26265,bXlfb3JkZXJz,1577912795,MTA1LjExNC4xNjguODY=
4128224,4126138,26302,bW9kaWZ5X3Bhc3N3b3Jk,1578188392,NzIuNDQuMTIzLjEz
4159006,4160394,26394,bXlfb3JkZXJz,1578025454,Mi4yMS4xMTIuMTM=
4159039,4159019,26394,bW9kaWZ5X3Bhc3N3b3Jk,1578032223,Mi4yMS4xMTIuMTM=
4222763,4222814,26656,bXlfb3JkZXJz,1578319577,NjkuMTY0LjIwNS4yMzM=
4223196,4220588,26656,bXlfb3JkZXJz,1578400834,NjkuMTY0LjIwNS4yMzM=
4225488,4226098,26671,bXlfb3JkZXJz,1578182859,NTQuMTEwLjIwNC4yNDQ=
4234684,4234106,26700,bW9kaWZ5X3Bhc3N3b3Jk,1578255270,NjMuMTkzLjc5LjE3Ng==
4234699,4233038,26700,bXlfb3JkZXJz,1578259206,NjMuMTkzLjc5LjE3Ng==
4246816,4246694,26875,bW9kaWZ5X3Bhc3N3b3Jk,1577890815,MTA3LjEzNy45Mi4xMDU=
4249739,4246832,26875,bW9kaWZ5X3Bhc3N3b3Jk,1578255433,MTY4LjIzOC41MS4yMQ==
4249755,4250212,26875,bXlfb3JkZXJz,1578257382,MTY4LjIzOC41MS4yMQ==
4263545,4258867,26917,dmlld19zdG9yZQ==,1578170680,MTI5LjExMy4zNy40OQ==
4270792,4273076,26929,bW9kaWZ5X3Bhc3N3b3Jk,1577995998,MTEwLjIuNTEuMTk3
4285541,4286373,26997,bXlfb3JkZXJz,1578223542,NjYuMTcyLjYxLjg=
4320329,4321408,27165,bXlfb3JkZXJz,1577864219,MTE5LjExMy4xMi4yNDU=
4334250,4334757,27199,bXlfb3JkZXJz,1578157506,MjI5LjI1NS43Ny44NA==
4343167,4341623,27204,bXlfb3JkZXJz,1578367679,MTIxLjI1MS4xNjAuMjM2
4358350,4358660,27311,bW9kaWZ5X3Bhc3N3b3Jk,1578133887,MTgyLjExNC44Ni4xNjg=
4367926,4367890,27332,bXlfb3JkZXJz,1578315440,MTQxLjE1LjI0OS4xNDQ=
4378913,4378945,27372,bXlfb3JkZXJz,1577906751,MjEwLjk4LjIzNC43Nw==
4392725,4397644,27434,bW9kaWZ5X3Bhc3N3b3Jk,1578001391,MTU0LjIyLjEwNy4yMDg=
4406883,4409243,27533,bXlfb3JkZXJz,1577879908,MTIwLjEyMS4yMjQuMTc3
4415203,4414568,27570,bW9kaWZ5X3Bhc3N3b3Jk,1578272835,ODQuMTkwLjIzMC42Nw==
4425654,4427104,27590,bXlfb3JkZXJz,1578163641,NDYuMTUzLjEzNy4xMDQ=
4427208,4424679,27590,bW9kaWZ5X3Bhc3N3b3Jk,1578409288,NDYuMTUzLjEzNy4xMDQ=
4431527,4431833,27598,bXlfb3JkZXJz,1578143624,MzEuNTQuMjIwLjIwNA==
4465760,4465222,27689,bXlfb3JkZXJz,1577896514,MTc1LjIyNC4zOC4yMjI=
4469266,4471520,27698,bXlfb3JkZXJz,1577821351,MTEyLjc1LjI1NC4yOA==
4469752,4471834,27698,bXlfb3JkZXJz,1577905429,MTEyLjc1LjI1NC4yOA==
4498095,4497190,27928,bXlfb3JkZXJz,1578029455,MTQyLjU4LjE0Ni4yMjA=
4517953,4519195,27983,bW9kaWZ5X3Bhc3N3b3Jk,1578098745,MTE1LjUyLjIwNC4xOTQ=
4519163,4516784,27983,bW9kaWZ5X3Bhc3N3b3Jk,1578342636,MjI0LjE2LjI1My43Mg==
4533012,4531121,28054,bXlfb3JkZXJz,1578403285,ODIuMTI3LjIyLjUy
4601364,4604382,28319,bXlfb3JkZXJz,1577814780,MTU4LjQ3LjIwLjQ=
4605208,4605534,28319,bXlfb3JkZXJz,1578345419,NTQuMTQwLjc2Ljkx
4627784,4628390,28424,bXlfb3JkZXJz,1578156211,MjQ2LjIzOS40MS4y
4640948,4636127,28435,bXlfb3JkZXJz,1578398537,MjA2LjE0My4xNTAuMTcz
4678585,4678968,28604,bXlfb3JkZXJz,1578158869,NjcuMjE3LjU1Ljk0
4713769,4713417,28698,bXlfb3JkZXJz,1578126931,OTcuMTgzLjEyNi44Mw==
4720824,4721918,28741,bW9kaWZ5X3Bhc3N3b3Jk,1577828444,MjIyLjE4OS4yMjguMjMw
4743725,4743353,28843,bXlfb3JkZXJz,1578382674,NC45OS4xMDEuMTE0
4809379,4808327,29034,bXlfb3JkZXJz,1578184137,MjQ3LjIyMS4xMTEuMTg3
4816772,4817795,29046,bW9kaWZ5X3Bhc3N3b3Jk,1577936717,MTM5LjEwMC43My4yNDc=
4832704,4834026,29131,bW9kaWZ5X3Bhc3N3b3Jk,1577854576,MTYwLjE4NC4yMDAuMjI2
4867860,4868485,29332,bXlfb3JkZXJz,1577935241,MTI3LjIxMi42Ny4yNTU=
4887682,4887872,29422,bXlfb3JkZXJz,1578304708,MzguMTYxLjExNS4xNzE=
4889222,4889811,29442,bXlfb3JkZXJz,1577974360,MTA2LjE2OC4yMzQuMTEy
4919555,4920486,29536,bXlfb3JkZXJz,1578104014,MTM4LjU3LjE4OS4xNDk=
4949208,4949955,29641,bXlfb3JkZXJz,1578030853,MjI3LjQzLjQuMTUw
4953048,4953905,29668,bXlfb3JkZXJz,1577957642,MTAuMjAwLjgzLjE0Nw==
4964444,4964377,29689,bXlfb3JkZXJz,1578056661,NTYuNi4yNTEuMzQ=
5026488,5026277,29871,bXlfb3JkZXJz,1578230146,MTc5Ljk3LjExOC4yMjY=
5027197,5027521,29872,bXlfb3JkZXJz,1578016295,MTM1LjE5LjE3My44Ng==
5045682,5047830,29944,bW9kaWZ5X3Bhc3N3b3Jk,1577831082,MTA4LjEyNS4yMDAuMTk4
5058487,5058276,30010,bXlfb3JkZXJz,1578291621,MjI2Ljk4LjIxOS4yNA==
5059482,5059619,30012,bXlfb3JkZXJz,1578039201,MjQwLjQxLjEyNy4xMDc=
5063496,5064060,30031,bXlfb3JkZXJz,1578246062,NjIuMTk3LjgzLjI5
5118889,5120947,30265,bXlfb3JkZXJz,1577838310,MjEuMTQ0Ljg2LjE5
5160930,5159149,30538,bXlfb3JkZXJz,1578170643,MjQyLjU4LjgzLjEzOQ==
5192675,5191222,30726,dmlld19zdG9yZQ==,1578339848,MzAuMjI4LjY4LjIzNg==
5204417,5205429,30779,bXlfb3JkZXJz,1578080011,MTk1Ljg4LjE1Ni4yMDE=
5217343,5216579,30841,bXlfb3JkZXJz,1578117846,MTczLjEyMC4xMTguMTkw
5241432,5241144,30910,bW9kaWZ5X3Bhc3N3b3Jk,1578343784,OTUuMTcwLjk1LjE1Mg==
5303083,5302016,31119,bXlfb3JkZXJz,1578077755,NzMuMjQyLjIyNy4xNjk=
5319068,5318853,31160,dmlld19zdG9yZQ==,1578082081,MTkzLjE2OS41OC41MQ==
5329030,5328056,31207,bXlfb3JkZXJz,1578045803,NjguMTIyLjEwLjE2Nw==
5331899,5335359,31229,bXlfb3JkZXJz,1577895077,MTg5Ljg2LjE4OS4xODU=
5332613,5336691,31229,bXlfb3JkZXJz,1577970240,NjMuMTA3LjE5Mi41Mg==
5406770,5405853,31493,bXlfb3JkZXJz,1578403889,MzkuODQuMTE3LjE2
5407421,5408668,31501,bXlfb3JkZXJz,1577907788,MjAyLjg2LjE3OC4xOQ==
5414590,5417619,31531,bXlfb3JkZXJz,1577809393,MTYzLjE1MC43MS4yNTI=
5429501,5430271,31551,dmlld19zdG9yZQ==,1578175834,MTgxLjE1Ni4xMDEuMTM4
5458798,5459440,31713,bXlfb3JkZXJz,1578092717,NzcuMTYwLjEyMy4xMQ==
5490689,5491124,31808,bXlfb3JkZXJz,1577966997,MTgwLjE0OC4yOC4yOQ==
5526480,5525842,31905,dmlld19zdG9yZQ==,1578200588,NjEuMzQuMTI4LjE4NA==
5526896,5528063,31905,bXlfb3JkZXJz,1578254200,NjQuODguMy4xOTc=
5535082,5534058,31930,bXlfb3JkZXJz,1578302311,MTc2LjExMC41NC43MQ==
5587380,5587919,32053,bXlfb3JkZXJz,1578201230,MTY5LjE5LjE2LjE3NQ==
5639769,5641279,32314,bXlfb3JkZXJz,1577892666,MjAyLjM2Ljg5LjIzMw==
5641675,5642783,32314,bW9kaWZ5X3Bhc3N3b3Jk,1578181052,NDQuODIuMTAwLjE5Ng==
5651703,5650592,32342,bW9kaWZ5X3Bhc3N3b3Jk,1578256511,NDQuMTMwLjI0LjMx
5668835,5669095,32435,bXlfb3JkZXJz,1578240964,NzEuMjE5Ljk4LjEwNg==
5701591,5699573,32520,bW9kaWZ5X3Bhc3N3b3Jk,1578325347,OTkuMjE2LjE0LjA=
5774845,5775333,32804,bXlfb3JkZXJz,1578058507,MTM1Ljk2LjEzOS4xNjk=
5776653,5778028,32830,bXlfb3JkZXJz,1577819069,MTgxLjcwLjEzMy4yMzY=
5785009,5786057,32849,bXlfb3JkZXJz,1578061393,MTY3LjEwNy4xODcuMTY2
5803077,5801810,32925,bXlfb3JkZXJz,1578343036,MzcuOTQuMjA4Ljg=
5805446,5806078,32934,bXlfb3JkZXJz,1578103599,MTIzLjE5Ni4yNDkuNA==
5806308,5803622,32934,bXlfb3JkZXJz,1578222470,MjQ2LjI0Ny40Ny40MA==
5817706,5816643,33004,bW9kaWZ5X3Bhc3N3b3Jk,1578166456,ODAuNTAuMTQxLjI=
5819963,5819159,33031,bXlfb3JkZXJz,1578094272,MTUzLjE3Ni4zMC4xOTI=
5824085,5824072,33066,bXlfb3JkZXJz,1578255185,ODguMjkuMTUuMjI1
5829229,5828903,33101,bXlfb3JkZXJz,1578137452,MjAuMTQ3LjIwOS41
5836269,5835332,33127,bXlfb3JkZXJz,1578367698,MTcuMTUzLjEyNC40
5839615,5839658,33144,bXlfb3JkZXJz,1578337045,ODYuMTIzLjEyNy4zOA==
5894175,5895280,33402,bXlfb3JkZXJz,1577912661,MTI3LjIxMi42Ny4yNTU=
5898310,5899156,33409,bW9kaWZ5X3Bhc3N3b3Jk,1578234091,NzIuNTguNzkuNjE=
5908453,5909129,33447,bXlfb3JkZXJz,1578120351,NjIuMTk3LjgzLjI5
5948670,5946307,33616,bW9kaWZ5X3Bhc3N3b3Jk,1578329100,NTAuMjMxLjcwLjE0OQ==
5967016,5968840,33714,bXlfb3JkZXJz,1577940042,MTIuMjE3LjI0NC4xMjI=
5988461,5990214,33793,bXlfb3JkZXJz,1577956062,MTA1LjExNC4xNjguODY=
5996411,5996329,33803,bW9kaWZ5X3Bhc3N3b3Jk,1578300844,MzYuMTE4LjIxMC4zNw==
6028215,6028112,33993,bXlfb3JkZXJz,1578267014,NzkuMTg0LjExMS4yMTc=
6046735,6046550,34093,bXlfb3JkZXJz,1578213947,NS42My4zMS4yMDk=
6078213,6076926,34256,bXlfb3JkZXJz,1578213568,MTA0LjE1NS4xNjMuMTI=
6103245,6103135,34379,bXlfb3JkZXJz,1578094254,MTUyLjg2LjgyLjE1Nw==
6126868,6126808,34472,bW9kaWZ5X3Bhc3N3b3Jk,1578309475,MjQzLjIuOTAuMjM1
6179836,6178039,34625,bXlfb3JkZXJz,1578272508,MzYuNDYuMjE1LjE0OA==
6361470,6361974,35304,bW9kaWZ5X3Bhc3N3b3Jk,1578179805,MTkzLjE5My4yMjYuMTUy
6454468,6456540,35627,bXlfb3JkZXJz,1578022210,MTgyLjIzMS4xMDAuMTAw
6462891,6462898,35650,bXlfb3JkZXJz,1578350841,ODUuMTMzLjg0LjEx
6515729,6516136,35793,bXlfb3JkZXJz,1578106982,MTA2LjQ0LjI0Ny40Nw==
6601214,6603436,36126,bXlfb3JkZXJz,1577840714,MTE3LjQ2LjEwNC45Mg==
6627714,6628822,36261,bXlfb3JkZXJz,1577972928,MjU0LjExNS4xNTguMTA0
6696290,6695976,36527,bXlfb3JkZXJz,1577964372,MTguNjQuMTU5LjI0NA==
6702022,6706690,36542,bXlfb3JkZXJz,1577811586,MTUwLjU2LjEzNi4xNzk=
6752193,6751386,36736,bXlfb3JkZXJz,1578037074,MTc3LjI0Ljk2LjI0OA==
6834461,6834513,37025,bW9kaWZ5X3Bhc3N3b3Jk,1578293312,OTUuMTE3LjI1MS44Mw==
6838515,6837980,37031,bXlfb3JkZXJz,1578202842,NzQuNDguMTU2LjQz
6858648,6858030,37148,bXlfb3JkZXJz,1578213076,NzMuOTAuNDEuMTE3
6907300,6906433,37372,bXlfb3JkZXJz,1577989110,MjI3LjI0MC4yOS4xOTY=
6931397,6933696,37473,bXlfb3JkZXJz,1577815260,MTY1LjUwLjQ3LjUx
6936440,6937404,37481,bW9kaWZ5X3Bhc3N3b3Jk,1577886953,MTA5LjEzLjQxLjEyNw==
6956927,6957843,37558,bXlfb3JkZXJz,1578088129,MTMyLjExOC4xNTQuMjI4
6974460,6974558,37637,bXlfb3JkZXJz,1577926303,MTIwLjY3LjE0Mi4xMDE=
6991301,6992585,37716,bXlfb3JkZXJz,1577887055,MjAyLjg2LjE3OC4xOQ==
7017690,7019396,37802,bXlfb3JkZXJz,1578075698,MzIuNzkuNC4xMzA=
7022369,7025326,37817,bXlfb3JkZXJz,1577923213,MTM1LjEzMy4xNy4xNQ==
7031787,7033462,37854,bXlfb3JkZXJz,1578006022,MTcwLjIwOS4xOS4zOA==
7051111,7049227,37911,bXlfb3JkZXJz,1578129134,MTc0LjI1LjU1LjE2
7072083,7069118,38002,bW9kaWZ5X3Bhc3N3b3Jk,1578186104,NjMuMTU2LjEzMC4xOA==
7075211,7078679,38011,bXlfb3JkZXJz,1577844307,MTM0LjU5Ljc5LjIzOQ==
7080775,7081704,38025,bW9kaWZ5X3Bhc3N3b3Jk,1578015268,MTMyLjExNC4xMzQuMjE4
7118741,7118747,38251,bW9kaWZ5X3Bhc3N3b3Jk,1578332442,OTguMTQwLjc2LjIwNQ==
7127768,7128548,38261,bXlfb3JkZXJz,1578133407,MTc3LjUzLjIxNS40MA==
7149546,7148066,38367,bXlfb3JkZXJz,1578403125,OTQuMjEwLjIxMy4zNw==
7166719,7167219,38448,bW9kaWZ5X3Bhc3N3b3Jk,1577969338,MTEwLjgzLjE2OC43NQ==
7176706,7174328,38468,bXlfb3JkZXJz,1578183076,NTUuMTUxLjEwMC40Ng==
7207223,7204343,38584,bXlfb3JkZXJz,1578404057,NzMuMjQyLjIyNy4xNjk=
7219686,7217496,38657,bXlfb3JkZXJz,1578152957,MjI4LjU3LjI3Ljc2
7229940,7231950,38673,bW9kaWZ5X3Bhc3N3b3Jk,1577951159,MTYuMzUuMTAzLjE2Mg==
7260056,7258607,38823,bW9kaWZ5X3Bhc3N3b3Jk,1578064328,MjEuMTQ0Ljg2LjE5
7270798,7271510,38874,bXlfb3JkZXJz,1578007350,MTY3LjE1OC4xMTYuMTcz
7279690,7281145,38901,bXlfb3JkZXJz,1577962676,MTM1LjE5LjE3My44Ng==
7349367,7349355,39146,bXlfb3JkZXJz,1578040611,NjYuMTQzLjE4MC4yMzY=
7377083,7376653,39252,bXlfb3JkZXJz,1578209513,OTEuMTQuMTM2LjEwNA==
7424360,7425563,39431,bXlfb3JkZXJz,1578029774,MjU0LjQ1LjEyLjE3OA==
7460912,7460993,39547,bW9kaWZ5X3Bhc3N3b3Jk,1578064881,MTk0LjI1NS4xNTMuMTMw
7477746,7476623,39585,bXlfb3JkZXJz,1578076802,MTY3LjIwOS4xODIuMjQy
7477771,7478845,39585,bXlfb3JkZXJz,1578081524,MTY3LjIwOS4xODIuMjQy
7478440,7477459,39585,bW9kaWZ5X3Bhc3N3b3Jk,1578202800,MTY3LjIwOS4xODIuMjQy
7500010,7499120,39663,bXlfb3JkZXJz,1578231908,NzcuOTkuNTguMjMw
7511889,7509529,39684,bXlfb3JkZXJz,1578224897,MzUuMzYuMTM3LjEzMg==
7520927,7522240,39729,bXlfb3JkZXJz,1577881597,MTE5LjE3NC4xNTIuOTI=
7522894,7526626,39739,bXlfb3JkZXJz,1577842031,MjI0LjE2LjE2OC4xMDM=
7532752,7533475,39750,bXlfb3JkZXJz,1577920709,MTQ3LjExMS4yNS4w
7553243,7554960,39842,bW9kaWZ5X3Bhc3N3b3Jk,1577935770,MTAwLjEyLjI5Ljg3
7578139,7579096,39910,bXlfb3JkZXJz,1578135835,NTAuMTk1LjEwLjQx
7582391,7581526,39913,bXlfb3JkZXJz,1578392470,MzkuMjEyLjEwMC4xOQ==
7604357,7604062,40020,bW9kaWZ5X3Bhc3N3b3Jk,1578186554,MzAuMTM5LjEwMi41Mw==
7623904,7625304,40155,bXlfb3JkZXJz,1577970612,MTM2LjM4LjE5OC4xNzM=
7658746,7658526,40333,bW9kaWZ5X3Bhc3N3b3Jk,1578295926,NTQuMTQwLjc2Ljkx
7682705,7681872,40391,bXlfb3JkZXJz,1578105186,NDguMjM2LjIyNi4xODA=
7683768,7681196,40391,bXlfb3JkZXJz,1578285163,OTEuMjQ4LjIwNi40MA==
7729197,7729470,40561,bXlfb3JkZXJz,1578286970,NzcuOTkuNTguMjMw
7745217,7742740,40586,bXlfb3JkZXJz,1578283550,MjU1LjQ3LjI0NS41
7766503,7762435,40686,bXlfb3JkZXJz,1578360712,NzcuMTc3LjYxLjIwNg==
7793052,7790613,40748,bXlfb3JkZXJz,1578392445,MTU0LjEwMS4yMTMuMjUy
7817628,7819501,40811,bXlfb3JkZXJz,1578065059,My4yNy4yNDQuMTA5
7838423,7839073,40899,bXlfb3JkZXJz,1577828508,MTYzLjM0LjMwLjI0
7892734,7891702,41073,bXlfb3JkZXJz,1577999477,MjU1LjI2LjIyMC43
7894068,7893088,41073,bXlfb3JkZXJz,1578241141,MzIuMTQxLjcyLjc4
7910326,7909870,41152,bXlfb3JkZXJz,1578157643,MTgyLjIxNy4xMjkuMjE4
7918322,7920046,41160,bXlfb3JkZXJz,1578094547,MTQ2LjEzMS4yMDMuMTQ1
7998369,7999116,41462,bXlfb3JkZXJz,1578251368,MjUuNy4xMTYuMjk=
8029934,8027776,41591,bW9kaWZ5X3Bhc3N3b3Jk,1578396162,NjMuMjQyLjE2NS4xNzY=
8029961,8029010,41591,bXlfb3JkZXJz,1578401046,NjMuMjQyLjE2NS4xNzY=
8050089,8048731,41666,bXlfb3JkZXJz,1578307443,NzYuMTUzLjk0LjQy
8068932,8068714,41724,bXlfb3JkZXJz,1578267354,NTYuMTY1LjIxMi4xOA==
8118060,8119416,41923,bXlfb3JkZXJz,1577880122,MjAwLjczLjE4NS4yMzQ=
8168614,8167956,42111,bXlfb3JkZXJz,1578001756,MTQ3LjE1MC4xMjYuOTA=
8225006,8222830,42198,bXlfb3JkZXJz,1578271394,MjMuMTY3LjE2OC44Mg==
8315758,8313588,42557,bXlfb3JkZXJz,1578323514,MjE0LjI1MC45OC4yMTk=
8321159,8318525,42563,bXlfb3JkZXJz,1578332412,NjkuMjQ0LjQzLjIw
8327691,8328231,42604,bXlfb3JkZXJz,1578123927,MjMuMjQ4LjI0MS41NA==
8363722,8364611,42755,bW9kaWZ5X3Bhc3N3b3Jk,1578165405,ODAuOS4yNTQuMTgz
8368559,8369300,42781,bXlfb3JkZXJz,1577900412,MTIyLjEyNy4xNTcuMTg2
8375902,8373500,42827,bXlfb3JkZXJz,1578183904,NDMuMTE2LjE2My4yNTQ=
8390909,8391015,42913,bXlfb3JkZXJz,1578057790,NjUuMTkxLjc3LjU3
8395044,8391611,42914,bW9kaWZ5X3Bhc3N3b3Jk,1578015038,MjEuMTUzLjI1NC4xNjY=
8396912,8400057,42914,bXlfb3JkZXJz,1578128995,MjI2LjEwMC4zMS4xOTE=
8399390,8398573,42914,dmlld19zdG9yZQ==,1578277156,MjE5LjE4OC4yMDYuNDI=
8447901,8448079,43069,bXlfb3JkZXJz,1577927393,MTQwLjUxLjQzLjE3MQ==
8455618,8456747,43111,bXlfb3JkZXJz,1577873868,MTAzLjk0LjYyLjIw
8462141,8462923,43114,bXlfb3JkZXJz,1577820706,MS4xMDkuMjMwLjYx
8481518,8481932,43142,bXlfb3JkZXJz,1578259614,NzEuMjQxLjE2Mi4yMzY=
8485351,8483794,43175,bXlfb3JkZXJz,1578180792,NjMuMTU0LjIxMy41OA==
8489484,8489708,43194,bXlfb3JkZXJz,1578132521,Mi4xMzcuMjYuMTE0
8494640,8498309,43208,bXlfb3JkZXJz,1577865763,MTk2LjQ4Ljk5LjE0Ng==
8504763,8505928,43222,bXlfb3JkZXJz,1577829667,MTA0LjIxNC42MS40Ng==
8517618,8516845,43246,bW9kaWZ5X3Bhc3N3b3Jk,1577996919,MTY4LjE0Ny42Ny4xNzU=
8533417,8532927,43306,bXlfb3JkZXJz,1578057845,MjU1LjIyOS40Ni4xNjU=
8577698,8576473,43523,bXlfb3JkZXJz,1578234355,MjQwLjQ3LjIwMy4xMTk=
8614834,8613811,43610,bXlfb3JkZXJz,1578054577,MTA0LjIxMC4xLjI0OQ==
8640013,8638830,43699,bXlfb3JkZXJz,1578329201,MzcuNDUuMTcuMTIw
8641246,8641339,43700,bW9kaWZ5X3Bhc3N3b3Jk,1577980850,MTg4LjM0LjM1LjIxNg==
8645661,8646563,43716,bXlfb3JkZXJz,1578106846,Ni4xNTguMTQ0LjIzNg==
8655290,8654597,43735,bXlfb3JkZXJz,1578024914,NTIuMTc3LjEyMC4xMjg=
8683395,8684224,43861,bXlfb3JkZXJz,1578004798,MTQwLjkzLjE3MS4xNTk=
8683985,8685180,43861,bXlfb3JkZXJz,1578076826,MTQwLjkzLjE3MS4xNTk=
8690447,8687801,43875,bW9kaWZ5X3Bhc3N3b3Jk,1578214327,MjUwLjE3MS4yMjQuNjg=
8734982,8734894,44061,bXlfb3JkZXJz,1578180752,MjA3Ljc3LjI0NS4xNDY=
8735578,8734388,44061,bXlfb3JkZXJz,1578338709,MjQuMTYxLjI0Ni43
8753986,8751654,44131,bXlfb3JkZXJz,1578063921,NzYuNjguNjMuMjIx
8781906,8782993,44235,bW9kaWZ5X3Bhc3N3b3Jk,1577856700,MTEuODguMTQ5LjY=
8793860,8793623,44250,bXlfb3JkZXJz,1578167649,MjQuMzQuMTkzLjIzNA==
8820878,8821210,44362,bW9kaWZ5X3Bhc3N3b3Jk,1578338692,MzMuMTM4Ljg0LjEyNw==
8857079,8856340,44489,bXlfb3JkZXJz,1578388657,ODEuMzMuMTYxLjI0OA==
8870474,8868820,44528,bW9kaWZ5X3Bhc3N3b3Jk,1578137661,MzEuNjQuMjEwLjI4
8960769,8961724,44905,bXlfb3JkZXJz,1578220222,NDMuMC4yMTIuMTgz
8976766,8977230,44931,bXlfb3JkZXJz,1578303012,NjcuMjQuODkuMTYz
9014052,9015704,45053,bXlfb3JkZXJz,1577938028,MjI0LjIzNy4yNDEuNjk=
9031333,9030870,45092,bW9kaWZ5X3Bhc3N3b3Jk,1578343803,MjQzLjQ0LjE4LjE5Mg==
9046091,9046034,45161,bW9kaWZ5X3Bhc3N3b3Jk,1578331348,OTkuODguMjIxLjgx
9048197,9048681,45177,bXlfb3JkZXJz,1578188638,NjYuNTYuMjUzLjEwNg==
9072215,9073627,45364,bXlfb3JkZXJz,1577819750,MTczLjkuMjEzLjIwNg==
9095221,9095526,45398,bXlfb3JkZXJz,1577935604,MTMyLjExNy41NS42
9096132,9096629,45398,bW9kaWZ5X3Bhc3N3b3Jk,1578173457,NDguNy40NS41NA==
9131978,9133387,45516,bXlfb3JkZXJz,1577958059,MTIzLjEwMC43OC4zMg==
9146255,9146015,45563,bXlfb3JkZXJz,1578208308,MjIwLjcwLjE0Mi4xODQ=
9147196,9147300,45577,bW9kaWZ5X3Bhc3N3b3Jk,1578019644,MTIuMTM4LjEwNy4xNjI=
9164045,9165411,45620,bXlfb3JkZXJz,1577942957,MTc5LjU0LjEwNS40Mg==
9166492,9166961,45625,bW9kaWZ5X3Bhc3N3b3Jk,1577869853,MTAwLjgzLjg3LjE4Nw==
9219659,9217543,45817,bXlfb3JkZXJz,1578222775,MjI0LjE2LjE2OC4xMDM=
9237451,9238659,45884,bXlfb3JkZXJz,1578121910,MTMuNDcuMjQxLjIwOA==
9265350,9265142,46062,bXlfb3JkZXJz,1578376957,OTMuMTIwLjIxNi44
9350540,9349655,46385,bXlfb3JkZXJz,1578042862,MTYxLjkwLjkwLjU4
9391902,9390720,46535,bXlfb3JkZXJz,1578249750,MjM2LjIwOS4xLjExOQ==
9398838,9399216,46544,bXlfb3JkZXJz,1578223633,NjEuMjIuMjAwLjgx
9400154,9401107,46547,bW9kaWZ5X3Bhc3N3b3Jk,1577809618,MTEwLjEwLjEwNS4xMjc=
9419699,9418254,46595,bXlfb3JkZXJz,1578399507,NzEuMzUuMTMyLjE2Mg==
9456244,9452513,46681,bXlfb3JkZXJz,1578382856,MjA3LjIxNy4yMDcuMjQ2
9456725,9456721,46702,bW9kaWZ5X3Bhc3N3b3Jk,1577927369,MTczLjE3NS4xMzQuMjA2
9525076,9526937,47014,bXlfb3JkZXJz,1577982641,MTUuNDguMTIxLjM1
9548007,9549709,47152,bXlfb3JkZXJz,1578050093,MS4xODAuMTM0Ljkz
9552360,9552253,47154,bXlfb3JkZXJz,1578033406,MjAxLjU3LjY2LjQy
9596295,9598227,47322,bXlfb3JkZXJz,1578075891,NjIuMi4xMzIuMTE2
9600910,9601280,47336,bXlfb3JkZXJz,1577821366,MTYwLjExMC4zNy4xMzk=
9619437,9618257,47411,bXlfb3JkZXJz,1578260594,MjUuMzYuNjMuMjI=
9624832,9625220,47419,bXlfb3JkZXJz,1578006186,MTYuNC4xNDEuMjA5
9676840,9678062,47545,bW9kaWZ5X3Bhc3N3b3Jk,1578149204,MzAuMTA4LjExMy43Mw==
9704846,9703356,47676,bXlfb3JkZXJz,1578081124,MjUwLjIuOTMuMTk3
9760583,9761477,47853,bXlfb3JkZXJz,1578059286,MjEwLjIxNS41NS4xMDY=
9803579,9801331,48024,bXlfb3JkZXJz,1578231996,NzYuMTQxLjM5LjE4Nw==
9828537,9827029,48126,bXlfb3JkZXJz,1578172823,MTguMTQuMjA3LjIx
9834125,9836367,48135,bXlfb3JkZXJz,1578192292,MzcuMTQ2LjEyMS4yNA==
9835460,9832381,48135,bXlfb3JkZXJz,1578310041,NzkuMTM0LjEwMi4xMDM=
9883029,9882988,48378,bW9kaWZ5X3Bhc3N3b3Jk,1577840049,MTIuMjM1Ljk0LjEwNA==
9912116,9910828,48472,bW9kaWZ5X3Bhc3N3b3Jk,1578181948,MzMuMTM2LjY1LjUx
9925475,9925849,48503,bXlfb3JkZXJz,1578159817,NDAuOTcuNjguMjI4
9973321,9971570,48635,bXlfb3JkZXJz,1578275255,MjUwLjE4My4xOC43OA==
10020641,10023700,48789,dmlld19zdG9yZQ==,1577914389,MTQ3LjIwMC4yMDMuMTc5
10024338,10027017,48792,bXlfb3JkZXJz,1577834392,MjUxLjUwLjE5MS4xMTA=
10117210,10117244,49076,bXlfb3JkZXJz,1577816011,MTE5LjEwMi4yNS45OQ==
10121330,10119082,49076,bW9kaWZ5X3Bhc3N3b3Jk,1578272528,MjQzLjIuOTAuMjM1
10126638,10127503,49149,bXlfb3JkZXJz,1578104782,MTguMTA2LjE3OC4xMjA=
10139320,10141279,49274,bXlfb3JkZXJz,1577808758,MTE3Ljg4LjIyNy4xMDg=
10153594,10152922,49326,bW9kaWZ5X3Bhc3N3b3Jk,1578029558,MTU2LjIwMy4xNTguMzM=
10178934,10178428,49387,bXlfb3JkZXJz,1578411102,OS4xOS4yNi4yMjk=
10274314,10275819,49824,bW9kaWZ5X3Bhc3N3b3Jk,1578096523,MjI4LjkuNzEuMjMy
10288941,10287928,49934,bXlfb3JkZXJz,1578282440,ODcuMjM2LjE0NC45MQ==
10302987,10302509,50019,bXlfb3JkZXJz,1578272799,MjQuNzkuMTIuMTc4
10366013,10364430,50139,bXlfb3JkZXJz,1578330937,ODAuMTQzLjMuMjAx
10374826,10375048,50191,bXlfb3JkZXJz,1577873797,MTg5LjIzNS4xNzcuOTc=
10376156,10375946,50209,bXlfb3JkZXJz,1577876023,MTEyLjIyMC40OS4xNjY=
10461602,10459768,50513,bXlfb3JkZXJz,1578080505,MTQ2LjExLjIyMC4xODU=
10477966,10479404,50533,bW9kaWZ5X3Bhc3N3b3Jk,1578068016,MzcuMTU0LjE5MS4xNTk=
10492223,10492010,50616,bXlfb3JkZXJz,1578155612,NTYuOTIuNzIuMjM3
10495028,10491231,50616,bXlfb3JkZXJz,1578405566,MjEzLjIwNy45LjE2Mw==
10513242,10511676,50736,bXlfb3JkZXJz,1578375425,ODAuMTQzLjMuMjAx
10542302,10541860,50875,bXlfb3JkZXJz,1578263191,MTgxLjE2NS4xMzIuNTM=
10542703,10541355,50875,bW9kaWZ5X3Bhc3N3b3Jk,1578324021,MTgxLjE2NS4xMzIuNTM=
10555283,10555872,50933,bXlfb3JkZXJz,1578004847,Mi4xNzguMTA1LjQw
10586457,10583978,51065,bXlfb3JkZXJz,1578328350,NzcuMTc3LjYxLjIwNg==
10609306,10609221,51155,bXlfb3JkZXJz,1577956916,NTcuODUuMjUxLjExNA==
10637255,10636718,51236,bXlfb3JkZXJz,1578307096,NDEuMTk4LjY3LjUy
10642306,10641387,51275,bXlfb3JkZXJz,1578115095,NDMuODAuMTk5Ljg4
10645270,10646765,51285,bW9kaWZ5X3Bhc3N3b3Jk,1578062458,MjM2LjczLjI1MC4xOTE=
10680420,10678893,51420,bXlfb3JkZXJz,1578310938,OTUuMTc3LjI3Ljg5
10712597,10712806,51599,bXlfb3JkZXJz,1578346300,OTkuMTQwLjQ4LjIzNQ==
10725857,10728938,51645,bW9kaWZ5X3Bhc3N3b3Jk,1578018310,MjMxLjg1LjM2LjIwMQ==
10726227,10725450,51645,bW9kaWZ5X3Bhc3N3b3Jk,1578064405,MjMxLjg1LjM2LjIwMQ==
10731771,10730682,51656,bW9kaWZ5X3Bhc3N3b3Jk,1578186516,MjA5LjQzLjE2OC4yMTg=
10754981,10755424,51783,bXlfb3JkZXJz,1577987757,MTQ4LjUxLjM2LjEwMg==
10769601,10768826,51812,bXlfb3JkZXJz,1578163369,MTc3LjE0My4xNDYuMTQ=
10784290,10783936,51843,bXlfb3JkZXJz,1578352149,NzcuMTc3LjYxLjIwNg==
10799349,10800600,51862,bXlfb3JkZXJz,1578102825,MTkwLjIzOC4xMzEuMTM1
10805983,10805603,51913,bXlfb3JkZXJz,1578065528,MTQ4LjI0Ni4yNDUuMTU3
10823952,10822979,51991,bXlfb3JkZXJz,1578216771,MjM2LjE5My4yMzcuNTA=
10866002,10867520,52153,bXlfb3JkZXJz,1578048179,MTc3LjcwLjIzOC40Ng==
10870944,10870655,52187,bXlfb3JkZXJz,1578240621,MzIuMjA5Ljg5LjE2NA==
10871995,10873565,52189,bXlfb3JkZXJz,1577863311,MTEzLjIwOS4xMzAuMTg2
10873729,10872461,52189,bXlfb3JkZXJz,1578174708,OC4xMzcuMTc1LjIxNw==
10961849,10961157,52543,bXlfb3JkZXJz,1578373004,NDEuMjUuMTE0LjIxOA==
11023611,11024038,52708,bXlfb3JkZXJz,1577857040,MTE3LjIwLjI0NS4xMDY=
11054792,11053123,52810,bW9kaWZ5X3Bhc3N3b3Jk,1578222182,NzIuMTI3LjgyLjEy
11058520,11061141,52839,bXlfb3JkZXJz,1577858089,MTU0LjIzNC40Mi4xODM=
11068149,11067589,52875,bXlfb3JkZXJz,1578301864,MjUyLjIxMi4xMTcuMTc5
11086281,11088648,52995,bXlfb3JkZXJz,1577843763,MTc2LjEyNS4yNDAuNzQ=
11111725,11111382,53061,bXlfb3JkZXJz,1578024335,MjI2LjkzLjE4My4xMzU=
11120725,11119780,53073,bXlfb3JkZXJz,1578221711,MjIyLjg3LjIxNC4yMjQ=
11128421,11127832,53131,bXlfb3JkZXJz,1578157287,MjUzLjE4OC4yMzAuMTUw
11130474,11130403,53139,bXlfb3JkZXJz,1578018404,MjA4LjExNy40Mi42NA==
11164166,11164794,53251,bW9kaWZ5X3Bhc3N3b3Jk,1578187797,MTYwLjIyNi4yMTkuMzU=
11188168,11185972,53309,bXlfb3JkZXJz,1578318531,MjQ4LjE2NC4xMDMuMjE=
11193197,11193354,53332,bXlfb3JkZXJz,1578008322,NDAuMTcwLjE3MC4xNzc=
11227749,11228645,53475,bXlfb3JkZXJz,1577940297,MTM1LjIzMy4xMDcuMjQ0
11232769,11231685,53490,bW9kaWZ5X3Bhc3N3b3Jk,1578091802,MzUuMjA1LjIyOC4xMjQ=
11241386,11242656,53507,bXlfb3JkZXJz,1577824861,MTU2LjYxLjEzMy4xNzg=
11283074,11280937,53724,bW9kaWZ5X3Bhc3N3b3Jk,1578380918,NjYuMTMxLjEwNy4xNA==
11303814,11304460,53822,bXlfb3JkZXJz,1577894003,MzQuMjIxLjE1Ny4yMDY=
11306000,11305590,53843,bXlfb3JkZXJz,1578053739,NzcuMjEyLjEwMi4yOA==
11331766,11330809,53984,bXlfb3JkZXJz,1578170108,MTU0LjE5Ny4xMTIuNQ==
11335497,11336758,54013,bW9kaWZ5X3Bhc3N3b3Jk,1577988344,NTYuOTcuMjI0Ljg4
11339383,11337901,54013,bXlfb3JkZXJz,1578330663,MjAxLjExOS42OC4xNDU=
11340325,11333939,54013,bXlfb3JkZXJz,1578408694,MjAxLjExOS42OC4xNDU=
11360074,11358866,54111,bXlfb3JkZXJz,1578342705,MTc1LjI0MC42NS44Ng==
11364033,11361586,54118,bW9kaWZ5X3Bhc3N3b3Jk,1578307150,NzkuMTg0LjExMS4yMTc=
11387687,11389016,54190,bXlfb3JkZXJz,1577958935,MjE0LjE3Ni4yMzQuMTc2
11433911,11435517,54510,bXlfb3JkZXJz,1578021569,MTY0LjkxLjIxMy4zNA==
11480713,11479141,54750,bXlfb3JkZXJz,1578257257,NzYuMTg0LjI1NS40Mg==
11481586,11484326,54756,bXlfb3JkZXJz,1577836665,MTg0LjIwNy4yMDMuMjM0
11498242,11498648,54837,bW9kaWZ5X3Bhc3N3b3Jk,1577904312,MTY5LjE5My4yNDIuMTcz
11533296,11535361,54983,bXlfb3JkZXJz,1578053662,ODUuMTAuNzYuOTk=
11539387,11540065,55001,bXlfb3JkZXJz,1577883932,MjM1LjgxLjIwOS44Mg==
11542243,11544387,55020,bXlfb3JkZXJz,1578048076,MTkzLjcyLjE2MS4yMA==
11564018,11566434,55078,bXlfb3JkZXJz,1578023374,NjguMjIuMTM2LjE4OA==
11594264,11595054,55258,bXlfb3JkZXJz,1578083831,MjA1LjIzOC4xNzAuMTc2
11603198,11604259,55303,bXlfb3JkZXJz,1578096989,MTguMTQzLjEwMC45OA==
11605584,11604423,55303,bW9kaWZ5X3Bhc3N3b3Jk,1578394016,MjEwLjEwMC4xNTUuNzU=
11632431,11630704,55434,bXlfb3JkZXJz,1578286252,NDUuMTM0LjE3My4xNDk=
11655772,11655850,55514,bW9kaWZ5X3Bhc3N3b3Jk,1578303075,NzguMTkyLjU2Ljc5
11658690,11659343,55546,bXlfb3JkZXJz,1577819622,MTIuMTA2LjE3NC4xNQ==
11688740,11687991,55635,bW9kaWZ5X3Bhc3N3b3Jk,1578139181,MTcxLjc2LjI1MS4yMDM=
11701321,11702181,55706,bXlfb3JkZXJz,1578176137,MTg4LjE5Ny4yMTMuMg==
11719514,11721987,55774,bXlfb3JkZXJz,1577909540,MTgyLjI4LjI1MS4xMjI=
11722010,11719867,55774,bXlfb3JkZXJz,1578291824,MjA2Ljg5LjAuMjUw
11737786,11735866,55872,bXlfb3JkZXJz,1578379447,MzEuNjQuMjEwLjI4
11742827,11745638,55904,bW9kaWZ5X3Bhc3N3b3Jk,1577834063,MjA0LjUxLjk2LjE3NA==
11746641,11742881,55904,bXlfb3JkZXJz,1578369430,NTkuMTAxLjgzLjE0Mg==
11752921,11752922,55950,bXlfb3JkZXJz,1577843882,MTI1LjkyLjE5MC4xNzk=
11761753,11759645,55972,bW9kaWZ5X3Bhc3N3b3Jk,1578355038,NC4xMzIuMTEyLjQ1
11763527,11763443,55976,bW9kaWZ5X3Bhc3N3b3Jk,1577988299,MTgwLjIzNS4xOC4yNDM=
11767341,11767548,55987,bXlfb3JkZXJz,1578163373,MzYuNDguMTk4LjExOA==
11785527,11785156,56044,bXlfb3JkZXJz,1578341335,OTMuNDUuOTcuMjQ0
11807257,11805822,56127,bXlfb3JkZXJz,1578274418,NzUuMTUyLjE0My4xNTc=
11809706,11811749,56129,bXlfb3JkZXJz,1578004795,MTUuNDQuMjI2LjE1
11836715,11835264,56198,bW9kaWZ5X3Bhc3N3b3Jk,1578176143,MjMxLjE5Ny41Ny44OA==
11850246,11850292,56245,bW9kaWZ5X3Bhc3N3b3Jk,1577812609,MTg0LjE0Ni4yMDEuMjIz
11869700,11866671,56309,bW9kaWZ5X3Bhc3N3b3Jk,1578279723,ODAuMzIuNjkuMTk=
11893938,11893968,56403,bXlfb3JkZXJz,1578250523,NzcuMjIyLjIxLjEw
11896251,11895547,56419,bW9kaWZ5X3Bhc3N3b3Jk,1578328379,NTQuOTEuMTYzLjE3
11924639,11923203,56514,bXlfb3JkZXJz,1578255039,ODMuMTQxLjIzMi4yMjM=
11954821,11954932,56617,bXlfb3JkZXJz,1578054959,MTY0LjE4OC4xMDMuMTEx
11959995,11959989,56649,bXlfb3JkZXJz,1577903843,MTUuMjA5LjQ1Ljc3
11960089,11960030,56649,bXlfb3JkZXJz,1578025088,MTUuMjA5LjQ1Ljc3
11980766,11979951,56779,bXlfb3JkZXJz,1578232872,MjMuNTMuMjYuMjUy
12000796,11995916,56843,dmlld19zdG9yZQ==,1578376943,MjMxLjE0Mi4xOTkuMTgz
12014211,12016489,56881,bXlfb3JkZXJz,1578056942,MTM5LjE5MC4xMTUuNDk=
12015958,12015851,56881,bW9kaWZ5X3Bhc3N3b3Jk,1578239412,MTMxLjIxNy4xNDUuMjA0
12031626,12030122,56996,bXlfb3JkZXJz,1578063287,MTI5LjExNS4yNDAuMTU5
12053858,12053356,57065,bXlfb3JkZXJz,1578088630,MjM0LjM5LjE1Mi4xMzk=
12066312,12064919,57084,bW9kaWZ5X3Bhc3N3b3Jk,1578124653,NTIuMTc3LjEyMC4xMjg=
12067624,12065562,57084,bXlfb3JkZXJz,1578367027,OTEuMjYuMjE5LjEzNg==
12096551,12098611,57194,bXlfb3JkZXJz,1577901426,MTI4LjEzNC45Ni4yMTQ=
12105555,12106193,57203,bXlfb3JkZXJz,1577860052,MTQyLjIzOC4yNDAuMTM3
12108739,12110808,57204,bXlfb3JkZXJz,1578066838,MTE3Ljg0LjI0LjIy
12117404,12117292,57252,bXlfb3JkZXJz,1577970115,MjYuMy43MS4yNTE=
12119739,12119912,57252,bW9kaWZ5X3Bhc3N3b3Jk,1578254946,MzEuMTYyLjc5LjIxOA==
12163323,12163843,57432,bXlfb3JkZXJz,1578233873,NDQuMjQwLjIyNS4yNDY=
12176852,12177246,57465,bXlfb3JkZXJz,1578084507,MTUxLjEyMi4zMC4xMDc=
12298478,12299554,57918,bXlfb3JkZXJz,1577925981,MTIyLjIyMy4xNTAuNjk=
12298982,12299837,57918,bW9kaWZ5X3Bhc3N3b3Jk,1578080107,MTg0LjIxOC4xNDYuMTk5
12308031,12308292,57922,bXlfb3JkZXJz,1578191954,NjguMTcwLjEzOS4xMzM=
12331851,12330981,58032,bXlfb3JkZXJz,1578382171,NDQuNTYuNjEuMTE=
12353189,12351464,58088,bXlfb3JkZXJz,1578408834,MzYuNC40NC4xMTY=
12377333,12377136,58164,bXlfb3JkZXJz,1578160342,MjE1LjExNi4yNDEuMjEy
12393103,12393224,58199,bW9kaWZ5X3Bhc3N3b3Jk,1578318014,NTkuNjAuMzIuNQ==
12408158,12410253,58268,bXlfb3JkZXJz,1577834062,MTU4LjI0Ni40OC4xMjE=
12414782,12417123,58283,bXlfb3JkZXJz,1577988325,MjM2LjU5LjE2NS4yMjg=
12425128,12426661,58322,bW9kaWZ5X3Bhc3N3b3Jk,1577827699,MTc0LjE1Mi4yMzguMTQ1
12444592,12441889,58379,bXlfb3JkZXJz,1578236719,OTcuMjMuMjUyLjgz
12451953,12454629,58403,bW9kaWZ5X3Bhc3N3b3Jk,1577838021,MjIxLjEzMy41LjI1MA==
12472302,12473996,58452,bXlfb3JkZXJz,1578054925,MTM4LjE3OC4xNzcuMTE3
12522089,12522610,58697,bW9kaWZ5X3Bhc3N3b3Jk,1577896444,MTkzLjUyLjE1My41Nw==
12526350,12524939,58705,bW9kaWZ5X3Bhc3N3b3Jk,1578296029,OTguMTMyLjIzNS4yMzA=
12538018,12538994,58758,bXlfb3JkZXJz,1578145353,MzIuMTYuMTY4LjI5
12540113,12540084,58761,bW9kaWZ5X3Bhc3N3b3Jk,1578084023,MTg5LjExMC44MC42OA==
12545189,12544973,58797,bXlfb3JkZXJz,1577839267,MTA2LjE2MC43NC4yMjI=
12593810,12593444,58978,bW9kaWZ5X3Bhc3N3b3Jk,1578115107,MTA0LjEwNC45Mi4zOQ==
12600935,12600603,59017,bXlfb3JkZXJz,1578030406,MTQwLjE4My4xMTcuNDE=
12615399,12612157,59065,bXlfb3JkZXJz,1578359852,NjYuMTMxLjEwNy4xNA==
12619883,12621486,59078,bXlfb3JkZXJz,1577869600,MjExLjE2NS4yNDIuNjE=
12621174,12623950,59078,bXlfb3JkZXJz,1578027965,MzguMTYxLjExNS4xNzE=
12655572,12656729,59204,bXlfb3JkZXJz,1578001219,MjQ4LjEyMi4xNzQuNzk=
12707139,12706660,59396,bXlfb3JkZXJz,1578221476,MjI5LjE1Mi4xMzIuMTY5
12723459,12721528,59476,bW9kaWZ5X3Bhc3N3b3Jk,1578341572,NjkuMjQxLjk2LjE5Mg==
12778826,12779116,59628,bXlfb3JkZXJz,1577977046,MTMuMjAuOTcuMTUz
12780741,12780498,59628,bW9kaWZ5X3Bhc3N3b3Jk,1578324591,MTg5LjE2OS4yNDguMTI4
12791027,12789446,59654,bW9kaWZ5X3Bhc3N3b3Jk,1578312220,MjUxLjE0OS43Mi45MQ==
12835070,12834067,59822,bXlfb3JkZXJz,1578361232,MjQxLjIwOC4yOC4xNTk=
12836770,12839500,59847,bXlfb3JkZXJz,1577899352,NDEuMjUuMTE0LjIxOA==
12846832,12848921,59873,bW9kaWZ5X3Bhc3N3b3Jk,1578035947,MjA1LjUxLjI1MC4yMDQ=
12858201,12859759,59942,bXlfb3JkZXJz,1577813445,MTI0LjEwMi41MS4yMTU=
12860642,12859281,59942,bW9kaWZ5X3Bhc3N3b3Jk,1578213132,MjMxLjEuMjE0LjE1MQ==
12868362,12869972,59999,bXlfb3JkZXJz,1578094618,MTA4LjY5LjIzNy4yMTg=
12877811,12876375,60028,bXlfb3JkZXJz,1578291517,NTIuNTcuMjE2LjI0NQ==
12885193,12885070,60034,bW9kaWZ5X3Bhc3N3b3Jk,1578158748,MjExLjYzLjU5LjIzMg==
12921919,12921057,60166,bW9kaWZ5X3Bhc3N3b3Jk,1578205459,My4xNTMuODYuMTIx
12924441,12924717,60176,bW9kaWZ5X3Bhc3N3b3Jk,1578007821,MTIwLjQwLjM3LjE2Ng==
12936725,12935586,60184,bXlfb3JkZXJz,1578218838,NTguNTMuMTQzLjE4Nw==
12948266,12949049,60250,bW9kaWZ5X3Bhc3N3b3Jk,1577826410,MTM5LjY4LjQwLjIxNw==
12969665,12972311,60413,bXlfb3JkZXJz,1577898620,MTg2LjExNi4xMjQuMjM0
12978421,12977288,60433,bXlfb3JkZXJz,1578221154,MjE2LjE3Ni4zNi4yMw==
13008689,13008003,60581,bXlfb3JkZXJz,1578288764,MjM3LjE0My45Mi4yMDc=
13028133,13027985,60625,bW9kaWZ5X3Bhc3N3b3Jk,1578149380,NTMuMTk3LjE2NC4yNg==
13033902,13034121,60648,bW9kaWZ5X3Bhc3N3b3Jk,1578303719,MjM4Ljc4LjI4LjE1Mg==
13061978,13061355,60813,bXlfb3JkZXJz,1578106667,MjIxLjEuNC4xMzQ=
13095084,13093784,60895,bXlfb3JkZXJz,1578263093,MTk0LjE3OS4xMDIuMTUz
13113761,13117994,60973,bXlfb3JkZXJz,1577825148,Mi41MC4yMDMuMjM2
13132875,13137066,61032,bXlfb3JkZXJz,1577811012,MTE1LjY1LjEyNC4xMTk=
13212903,13211491,61343,bW9kaWZ5X3Bhc3N3b3Jk,1578337545,OTIuMTc4LjEwMi4xNzY=
13214545,13216263,61348,bXlfb3JkZXJz,1578020060,MTcxLjc5LjE4Mi4xMjA=
13220828,13221751,61361,bXlfb3JkZXJz,1577958725,MjQ2LjIyMi4xMy4xMjI=
13245224,13246290,61520,bXlfb3JkZXJz,1577850607,MTUuMjQ0LjExNy42OA==
13254452,13252595,61567,bW9kaWZ5X3Bhc3N3b3Jk,1578191994,MTg2LjExNC4xMzguMjQ0
13307401,13305729,61692,bXlfb3JkZXJz,1578269580,ODcuMjE0LjE5Mi4yMzE=
13323289,13324844,61831,bXlfb3JkZXJz,1578039016,MjIxLjEuNC4xMzQ=
13325546,13323090,61831,bW9kaWZ5X3Bhc3N3b3Jk,1578340352,OTguMTczLjI4LjYw
13329149,13329838,61844,bW9kaWZ5X3Bhc3N3b3Jk,1578238725,MjkuMTkwLjE5LjEwNA==
13351995,13352318,61933,bXlfb3JkZXJz,1577869515,MTA3LjE5NC4yMDQuMTIz
13367864,13368157,61971,bW9kaWZ5X3Bhc3N3b3Jk,1577844118,MTQuMTY2LjEyMC4yNDI=
13380320,13381782,62020,bXlfb3JkZXJz,1577888653,MjI2LjE5MS4zLjExMQ==
13416619,13414704,62208,bW9kaWZ5X3Bhc3N3b3Jk,1578319210,NDYuOC4xMzQuMTI=
13431960,13431503,62304,bXlfb3JkZXJz,1577927380,MTY4LjIyMS4xMDYuMTk0
13445640,13447835,62346,bXlfb3JkZXJz,1577858804,MC40MS4xNDQuMTkw
13457507,13457210,62374,bXlfb3JkZXJz,1578384602,NjAuNTkuMTgyLjM5
13488501,13488200,62510,bXlfb3JkZXJz,1578008190,MjMzLjE1OC4xMDcuNjQ=
13504372,13504562,62601,bXlfb3JkZXJz,1578346474,MjE2LjIxMS4yNy4yNTE=
13530863,13530259,62672,bXlfb3JkZXJz,1578267804,MjQyLjI0MS4xNDEuMTQy
13540778,13539802,62715,bXlfb3JkZXJz,1578242846,NjUuNzMuMjQyLjU4
13559576,13560166,62793,bXlfb3JkZXJz,1577987208,MTguNjQuMTU5LjI0NA==
13615875,13614061,62984,bXlfb3JkZXJz,1578175499,MTg2Ljk0LjE5MS4xMDI=
13619001,13617573,62991,bW9kaWZ5X3Bhc3N3b3Jk,1578072560,MjAxLjU5Ljk2LjY=
13628347,13629658,63040,bXlfb3JkZXJz,1577843262,MTA0LjIzMy4yMTAuMjM3
13637541,13637784,63072,bXlfb3JkZXJz,1577860462,MTMwLjE1OS41NS4yMDM=
13640662,13641678,63092,bXlfb3JkZXJz,1577974141,NC4xMzIuMTEyLjQ1
13655882,13655200,63142,bXlfb3JkZXJz,1578087506,MTIzLjEwMC43OC4zMg==
13670819,13670028,63174,bXlfb3JkZXJz,1578018589,MTE3LjIwMi4xNjIuNzU=
13688808,13687622,63318,bXlfb3JkZXJz,1578286467,MjQxLjE0Mi4xODEuMjQ3
13778361,13779056,63715,bXlfb3JkZXJz,1577997833,MjM4Ljc0LjYuMTYz
13784673,13783483,63731,bXlfb3JkZXJz,1578107181,MjI2LjIwOS4xMC44Nw==
13801311,13800451,63802,bXlfb3JkZXJz,1578390618,MzAuMTM5LjEwMi41Mw==
13831178,13829377,63975,bXlfb3JkZXJz,1578147411,MzUuNzYuMjEuMTMz
13836510,13836693,64026,bW9kaWZ5X3Bhc3N3b3Jk,1577955629,MjQ5LjE1OS4xNjMuMjk=
13841118,13841917,64029,bXlfb3JkZXJz,1578091157,MTAuMjAwLjgzLjE0Nw==
13879582,13883123,64207,bXlfb3JkZXJz,1577856982,MTk2LjIzLjIyNC45Ng==
13884922,13885474,64212,bXlfb3JkZXJz,1577956378,MjA5LjEwLjI0Ni4xNzM=
13902618,13904998,64270,bXlfb3JkZXJz,1578148421,NDEuMTQ5LjI1MS4zNw==
13910596,13911458,64351,bW9kaWZ5X3Bhc3N3b3Jk,1578127063,OTAuMzEuMTI1LjE4MQ==
13921433,13923040,64442,bXlfb3JkZXJz,1577816384,MTA3LjI0LjI1MS4xOTk=
13933746,13934329,64463,bXlfb3JkZXJz,1577850209,MTE5LjEyNy44NS4yNDE=
13935957,13935439,64464,bXlfb3JkZXJz,1578240284,NTYuMTQ1LjEzNi41Nw==
13944139,13944045,64525,bXlfb3JkZXJz,1578102859,MjE1LjIwNy4xMTkuMTUy
13988797,13987367,64659,bXlfb3JkZXJz,1578172307,MTMuMTQ4LjI0Ny4xMTY=
14001799,14003079,64716,bW9kaWZ5X3Bhc3N3b3Jk,1577966976,MTI0LjI5LjExLjIyOQ==
14026668,14027598,64793,bXlfb3JkZXJz,1578069089,MTc5LjE5OS40Mi4xNTI=
14044162,14041241,64888,bXlfb3JkZXJz,1578171156,Mi4xOTguMjMzLjE1Mg==
14076696,14075989,64996,bW9kaWZ5X3Bhc3N3b3Jk,1578197188,ODUuNzMuMjQyLjc4
14106959,14106444,65092,bXlfb3JkZXJz,1578048023,MTQyLjQyLjQyLjE1Nw==
14122006,14123094,65199,bXlfb3JkZXJz,1577831888,MTU2LjIwMy4xNTguMzM=
14133325,14131322,65229,bXlfb3JkZXJz,1578126744,MjQzLjk0LjIxNi45OA==
14150045,14152329,65320,bXlfb3JkZXJz,1577888671,MTE5LjU1LjE0OS4yMDM=
14156207,14154650,65324,bXlfb3JkZXJz,1578096341,NjcuOC45MS4yMw==
14177072,14179723,65440,bXlfb3JkZXJz,1577835299,MTc1LjY4LjE3NC44MA==
14210026,14210353,65504,bXlfb3JkZXJz,1577844652,MTExLjEzNS4yNy4yNQ==
14259685,14260506,65874,bW9kaWZ5X3Bhc3N3b3Jk,1577935205,MTUuMjA5LjQ1Ljc3
14267326,14268975,65904,bW9kaWZ5X3Bhc3N3b3Jk,1577830865,MTg0LjIxOC4xNDYuMTk5
14350355,14350511,66251,bXlfb3JkZXJz,1578127674,MTIxLjIzNS4yNDcuMTMy
14366665,14367872,66317,bXlfb3JkZXJz,1577991546,MjA2LjE0My4xNTAuMTcz
14374516,14373024,66362,bXlfb3JkZXJz,1578409922,NDEuMjUxLjguMTEw
14418867,14421153,66524,bXlfb3JkZXJz,1578073534,MzEuMTYyLjc5LjIxOA==
14453919,14454512,66625,bW9kaWZ5X3Bhc3N3b3Jk,1577941627,MTkyLjE5OS4yNDcuMTA1
14503276,14503302,66759,bW9kaWZ5X3Bhc3N3b3Jk,1578212248,NjMuNDguMTU2LjY=
14524071,14527131,66773,bXlfb3JkZXJz,1577875322,MTg5LjExMC44MC42OA==
14526613,14525165,66773,bXlfb3JkZXJz,1578319352,MjExLjEwMi4xNS4xNTE=
14541174,14540841,66881,bXlfb3JkZXJz,1578126669,NjguMTg0LjE0OC44Mg==
14555663,14555364,66926,bXlfb3JkZXJz,1578407286,MTg5LjE3Ny42MS4xMjk=
14566830,14565899,67015,bXlfb3JkZXJz,1578179968,Mi4yNDQuMjI2LjI1Mw==
14619715,14620513,67177,bXlfb3JkZXJz,1578064729,MTQ4LjM2LjUwLjEy
14639602,14640498,67271,bXlfb3JkZXJz,1577896617,MjUuMzYuNjMuMjI=
14641872,14641900,67271,bXlfb3JkZXJz,1578040738,MjUwLjE5OC4xMzIuNjQ=
14692642,14694805,67412,bXlfb3JkZXJz,1577879892,MTA4LjY5LjIzNy4yMTg=
14696720,14695265,67425,bXlfb3JkZXJz,1578108500,MjQuMTExLjIwMi4xNzc=
14713283,14708560,67480,bXlfb3JkZXJz,1578298337,Mi4xNzQuMjAuMQ==
14735704,14735214,67550,bXlfb3JkZXJz,1577942339,MTEyLjcuMTMzLjIwOA==
14767703,14765768,67624,bXlfb3JkZXJz,1578300092,MjI4LjkyLjExNS4xODM=
14784423,14784863,67714,bW9kaWZ5X3Bhc3N3b3Jk,1577966112,MTE0LjQ1LjEwMC4yNDM=
14790021,14790359,67757,bW9kaWZ5X3Bhc3N3b3Jk,1578026920,MTguMjA4LjEwMC4yNw==
14821720,14819043,67920,bW9kaWZ5X3Bhc3N3b3Jk,1578375646,MTQ2LjExLjIyMC4xODU=
14825487,14825635,67931,bXlfb3JkZXJz,1578023203,MTIzLjE0OC4yMDguMTgw
14842568,14843237,67977,bW9kaWZ5X3Bhc3N3b3Jk,1577980200,MTQuMTE5LjUyLjE3NA==
14846664,14846452,67979,bXlfb3JkZXJz,1578108166,NTAuNTAuNS40Ng==
14869003,14870976,68066,bXlfb3JkZXJz,1577832690,MTQwLjUxLjQzLjE3MQ==
14877269,14877677,68122,bW9kaWZ5X3Bhc3N3b3Jk,1577916118,MTYxLjYwLjE1OS45
14884166,14883957,68133,bW9kaWZ5X3Bhc3N3b3Jk,1577949307,MjQ3LjIyMS4xMTEuMTg3
14891525,14890255,68170,bXlfb3JkZXJz,1578369586,ODcuMTE3LjkzLjEzNA==
14900023,14896787,68206,bW9kaWZ5X3Bhc3N3b3Jk,1578154936,MTA5LjU3LjEzMi4xNjU=
14913780,14913699,68276,bXlfb3JkZXJz,1578256597,MjMzLjI0MC4xMC4yMjk=
14940647,14939278,68380,bXlfb3JkZXJz,1578237317,NDEuMTU1Ljc0LjE5Nw==
14967396,14966931,68462,bW9kaWZ5X3Bhc3N3b3Jk,1578167793,NjYuMjM5LjI0Mi4xMjc=
14970251,14972348,68487,bXlfb3JkZXJz,1577986244,MjA2LjEzNC41NC4yMzQ=
14973452,14971354,68487,bXlfb3JkZXJz,1578396385,OTkuNzkuNDYuMzc=
14980045,14978853,68532,bXlfb3JkZXJz,1578265024,ODUuMTU4LjEwLjUz
14987085,14985509,68556,bXlfb3JkZXJz,1578321007,OTMuMTc1LjE3Ny4xMjg=
15001566,14999730,68629,bXlfb3JkZXJz,1578166104,MjM2LjExNC41OC4xODM=
15024014,15024382,68711,bXlfb3JkZXJz,1577819956,MjMyLjIyLjk2Ljk1
15069634,15069784,68931,bXlfb3JkZXJz,1578304938,MjQzLjM3LjE1MS4xNjA=
15077663,15076403,68949,bW9kaWZ5X3Bhc3N3b3Jk,1578309948,MjAxLjg3LjI0NC4yNTI=
15097793,15098166,69037,bXlfb3JkZXJz,1578114386,NzcuOTkuNTguMjMw
15111778,15112322,69138,bXlfb3JkZXJz,1578012897,MjM3LjIxMS4xMzQuODI=
15114249,15112364,69138,bXlfb3JkZXJz,1578319465,OTkuODUuNzYuMTI2
15132423,15130701,69239,bXlfb3JkZXJz,1578372318,ODYuMTA4LjEzMS4xOQ==
15134523,15133740,69243,bXlfb3JkZXJz,1578125681,ODYuMTMuOTYuMjA=
15153773,15152553,69272,bXlfb3JkZXJz,1578321654,NDQuMjQwLjIyNS4yNDY=
15161526,15163961,69289,bXlfb3JkZXJz,1577829831,MjIyLjcyLjE2LjE2Mw==
15185915,15188781,69432,bXlfb3JkZXJz,1577873420,MTUzLjEwNS4xNjUuMTU2
15196678,15195536,69449,bXlfb3JkZXJz,1578391674,MjExLjEyNy41Ni4yNTI=
15197240,15197638,69474,bW9kaWZ5X3Bhc3N3b3Jk,1577879060,MTAxLjE1MS4yMTcuMTUw
15232577,15229981,69660,bXlfb3JkZXJz,1578257641,MTU3LjE0NS4yNTIuMTkz
15243511,15242229,69682,bXlfb3JkZXJz,1578295788,NzAuMTU3LjE3LjI1Mw==
15245734,15244618,69715,bXlfb3JkZXJz,1578176842,NDguMjE3LjEzNS4xNjA=
15265410,15265655,69799,bXlfb3JkZXJz,1578094793,MjM0LjE4Ljk1LjE0OA==
15304193,15304071,69918,bXlfb3JkZXJz,1578038996,MjI3LjU0LjE2OS4yMTc=
15309132,15307620,69925,bW9kaWZ5X3Bhc3N3b3Jk,1578326690,NzcuMTMuMjQ2LjU3
15335338,15334571,70027,bXlfb3JkZXJz,1578174994,Mi43Ny4yNy4xODI=
15335875,15335856,70027,bXlfb3JkZXJz,1578257466,MjUwLjMyLjI0Ni4xNjE=
15365623,15366752,70166,bXlfb3JkZXJz,1577933857,MjAyLjEyOS4zMC4yNg==
15367916,15368506,70166,bXlfb3JkZXJz,1578305679,MTA5LjguMTE5LjM=
15378895,15375667,70186,bW9kaWZ5X3Bhc3N3b3Jk,1578305127,MzAuMTE2LjI0MC4z
15396664,15397592,70252,bXlfb3JkZXJz,1577852416,MTA4LjUzLjE2NS4yNDg=
15399753,15400093,70255,bXlfb3JkZXJz,1577969339,MjIxLjIxOC4yNC4xOTI=
15426238,15426176,70367,bW9kaWZ5X3Bhc3N3b3Jk,1577975233,MTMwLjEzMS4yMDguMjM=
15452611,15453130,70440,bXlfb3JkZXJz,1577928623,MTA2LjE2Ni4yMzkuMzY=
15471902,15472562,70533,bXlfb3JkZXJz,1577841553,MjAuMjEuMTU4LjIyMQ==
15536393,15537784,70738,bXlfb3JkZXJz,1577904941,MTAzLjE5NC45MC4xNQ==
15553461,15552966,70822,bXlfb3JkZXJz,1578101389,MTg3LjE0Mi45MS4yMzI=
15563780,15561516,70838,bXlfb3JkZXJz,1578254360,ODYuMTY2LjIzNS4zMg==
15566446,15567629,70842,bXlfb3JkZXJz,1578003435,NjYuNDkuMTE1LjMy
15606654,15606338,71002,dmlld19zdG9yZQ==,1578001456,NDYuMTUzLjEzNy4xMDQ=
15618646,15616603,71007,bXlfb3JkZXJz,1578334212,MzQuMTAwLjEwMi4xODQ=
15627647,15626600,71058,bXlfb3JkZXJz,1578203672,MTQ2LjIyNC4yOS4xNDQ=
15653705,15656699,71134,bXlfb3JkZXJz,1577936708,MTAxLjE4My41Ni4yNDQ=
15694286,15696199,71242,bXlfb3JkZXJz,1578009123,MTcyLjExLjIwNy4xOTk=
15707399,15705877,71335,bXlfb3JkZXJz,1578090919,MjA4LjI0Mi4yNDAuNDk=
15724595,15726349,71383,bXlfb3JkZXJz,1577928678,MTQyLjI0MS4xOTUuMTUy
15758468,15760074,71536,bXlfb3JkZXJz,1578091595,ODUuMTMzLjg0LjEx
15793605,15794503,71661,bXlfb3JkZXJz,1578088735,MTY0LjI0Mi4yNTMuMjM1
15814948,15812134,71757,bXlfb3JkZXJz,1578412237,ODYuMTYxLjE5Ny4xNTE=
15850923,15852541,71898,bXlfb3JkZXJz,1577878443,MTA3LjIzOS4xODcuNzY=
15869426,15869350,71935,bXlfb3JkZXJz,1578063972,MTA5LjguMTE5LjM=
15872397,15874886,71940,bXlfb3JkZXJz,1578009403,MTQuODMuMTAzLjE4NA==
15879020,15878035,71969,bW9kaWZ5X3Bhc3N3b3Jk,1578345296,NzIuOTcuMzguMjI4
15881503,15880085,71983,bXlfb3JkZXJz,1578294659,MjEzLjEzOS4xLjI1
15895013,15893691,72012,bW9kaWZ5X3Bhc3N3b3Jk,1578230094,OTEuOS40LjE2NQ==
15903537,15904279,72035,bXlfb3JkZXJz,1578011353,MTgwLjcxLjEwMS4yMjE=
15909698,15909953,72061,bXlfb3JkZXJz,1577833156,MTgwLjEyLjE1MC4xNg==
15913725,15913073,72082,bW9kaWZ5X3Bhc3N3b3Jk,1578388205,Ny4xMzcuMTUuOTY=
15913956,15917819,72084,bW9kaWZ5X3Bhc3N3b3Jk,1577836318,MTYuMjUuMjM2LjU0
15974766,15975285,72367,bW9kaWZ5X3Bhc3N3b3Jk,1577953790,MTQzLjY1LjIxNy4xNDA=
16022322,16021722,72484,bXlfb3JkZXJz,1578097395,MjQyLjE1NS4zNS4yMg==
16022985,16024233,72484,bXlfb3JkZXJz,1578197731,ODMuNDQuMjQwLjY1
16046987,16046976,72572,bXlfb3JkZXJz,1578038732,MjE0LjEyNy4xMjMuMTI2
16056693,16057061,72582,bXlfb3JkZXJz,1577896858,MTIzLjExMi4yNC4yMDM=
16061229,16061578,72609,bXlfb3JkZXJz,1578209033,NDEuMjUuMTE0LjIxOA==
16067459,16066389,72622,bW9kaWZ5X3Bhc3N3b3Jk,1577982902,MTc3LjE5Mi4yMTQuMTA2
16070408,16069007,72622,bW9kaWZ5X3Bhc3N3b3Jk,1578372334,NjAuNDguOTkuMzQ=
16075442,16074148,72629,bXlfb3JkZXJz,1578161955,MjQ1LjY0LjEzNy4xMDM=
16099756,16098898,72705,bW9kaWZ5X3Bhc3N3b3Jk,1578274122,MTg4LjIzNS42NC4xNzE=
16128258,16128334,72816,bXlfb3JkZXJz,1577927860,MTM3LjE0My43Ny4xNDA=
16142877,16142032,72896,bXlfb3JkZXJz,1578109352,MTg3LjYuMTQuMjAy
16165292,16161569,72930,bW9kaWZ5X3Bhc3N3b3Jk,1578388993,MjMyLjY1LjQ3LjMw
16175743,16175242,72972,bXlfb3JkZXJz,1578216438,MjM4LjU0LjIyOC4xOTM=
16201204,16200889,73068,bXlfb3JkZXJz,1578127584,MjM5LjIxNS4xMjcuNzA=
16201726,16201874,73068,bXlfb3JkZXJz,1578239700,MzUuMTc5LjE0Mi43Nw==
16216408,16217391,73095,bXlfb3JkZXJz,1578256211,MjA5LjE4Mi4yMTMuOTc=
16236591,16235909,73115,bXlfb3JkZXJz,1578038915,NDQuMTMwLjI0LjMx
16240786,16240568,73119,bXlfb3JkZXJz,1578078690,MjA2Ljk3Ljk3Ljcz
16247719,16245042,73121,bXlfb3JkZXJz,1578242961,Mi4xNDYuMy4xMA==
16257162,16259060,73161,bXlfb3JkZXJz,1577887813,MTYxLjE0MC41Mi4yNDA=
16269930,16271438,73173,bXlfb3JkZXJz,1577990245,MTk5Ljk3LjE5Ni4yNTE=
16284658,16284628,73202,bXlfb3JkZXJz,1577865833,MTE5LjEyNy44NS4yNDE=
16306511,16305343,73260,bXlfb3JkZXJz,1578239226,MjguMTE5LjIxNS4w
16314578,16314611,73268,bXlfb3JkZXJz,1578173530,NjcuMjM3LjQzLjE4OA==
16323370,16323588,73356,bXlfb3JkZXJz,1578255490,NzYuMTAwLjEwNy4xODE=
16337524,16335486,73409,bXlfb3JkZXJz,1578350120,MjUxLjE5Ni42Ny4yNDI=
16342548,16342330,73426,bXlfb3JkZXJz,1578175708,MzMuNjAuMTg5LjUx
16378246,16378689,73604,bW9kaWZ5X3Bhc3N3b3Jk,1578165404,Mi41MC4yMDMuMjM2
16384432,16387669,73624,bXlfb3JkZXJz,1577953243,MTM0LjE2OS4xMzEuMTgx
16388657,16392641,73639,bXlfb3JkZXJz,1577820513,MzIuMTM2LjE1MC44Mg==
16399242,16401574,73670,bXlfb3JkZXJz,1577874289,MTE0LjIyOS4xMzQuMTA=
16408800,16409096,73697,bXlfb3JkZXJz,1578261501,My4yNDkuMTAuMzI=
16445984,16445658,73845,bXlfb3JkZXJz,1578092255,MTYxLjExMy43My40Mw==
16446820,16447820,73845,bXlfb3JkZXJz,1578223027,MjM4LjExMS4xMS4xMw==
16456020,16457062,73884,bW9kaWZ5X3Bhc3N3b3Jk,1577852996,MTE5LjIxMy4yNDIuMjE4
16459070,16460751,73940,bXlfb3JkZXJz,1577856092,MTQzLjE4MC4yNDIuMTg3
16466231,16466395,74017,bXlfb3JkZXJz,1577912851,MTQxLjIxNC4xMDQuNTQ=
16473912,16477250,74062,bXlfb3JkZXJz,1577829420,MzguNDkuMjAzLjQ5
16477929,16473923,74062,bW9kaWZ5X3Bhc3N3b3Jk,1578337518,NzguMTM3LjY1LjE3Ng==
16492918,16489004,74088,dmlld19zdG9yZQ==,1578381976,NTEuMTU1LjE3My4yNDA=
16514580,16512732,74252,bXlfb3JkZXJz,1578126639,MjU0LjExNS4xNDMuMTgw
16519284,16521141,74278,bW9kaWZ5X3Bhc3N3b3Jk,1578062559,MjQzLjE1NS4yMjguMTg3
16524410,16526737,74288,bXlfb3JkZXJz,1577859135,MTQxLjE0OC4yMjIuNQ==
16540380,16538090,74346,bW9kaWZ5X3Bhc3N3b3Jk,1578206444,MjQuNTguMTM4LjIxMA==
16545987,16547540,74360,bXlfb3JkZXJz,1577839765,MTUzLjE3NS4xMDEuMTUz
16565807,16567198,74429,bXlfb3JkZXJz,1578219477,OTUuMTc3LjI3Ljg5
16599141,16595461,74560,bXlfb3JkZXJz,1578305523,MTU3LjIyNy4xOTguMjEx
16601753,16600401,74577,bXlfb3JkZXJz,1578091596,MTYzLjM0LjMwLjI0
16665013,16662857,74755,bXlfb3JkZXJz,1578411102,MjI5LjE5LjE5My4xMQ==
16706529,16706719,74973,bXlfb3JkZXJz,1578340766,OTguMTM0LjI0OS4xODQ=
16722211,16722663,74999,bXlfb3JkZXJz,1577905464,MTQ3LjU4LjE5Ny43OQ==
16742743,16743003,75082,bW9kaWZ5X3Bhc3N3b3Jk,1578186399,MTkxLjIzMy4xNTYuMTU5
16747781,16745357,75094,bXlfb3JkZXJz,1578393530,MzIuMTYuMTY4LjI5
16749629,16750332,75100,bXlfb3JkZXJz,1577848885,MTI3LjIxNC4yMjEuMTMz
16773921,16774696,75183,bXlfb3JkZXJz,1577926364,MTczLjE0Ni4xMS4xMTc=
16779270,16779864,75215,bXlfb3JkZXJz,1578151840,MzcuMTA2Ljg2LjE0NQ==
16823450,16823008,75450,bXlfb3JkZXJz,1578137329,MjEzLjE0OC4yMDUuMTU1
16826100,16826571,75454,bXlfb3JkZXJz,1578088281,MjI4LjU3LjI3Ljc2
16837311,16835616,75502,bXlfb3JkZXJz,1578134742,ODcuNzUuOTYuMTQ1
16849788,16850365,75559,bW9kaWZ5X3Bhc3N3b3Jk,1577907169,MTY4LjE5My4yMzAuMTI5
16866132,16864764,75616,bXlfb3JkZXJz,1578368380,OTguMTk2LjE2OS4yMzQ=
16868047,16869255,75621,bXlfb3JkZXJz,1578146460,MjA1LjUxLjI1MC4yMDQ=
16904398,16904439,75791,bW9kaWZ5X3Bhc3N3b3Jk,1577983638,MTczLjI0My45Ni44Ng==
16913432,16915057,75837,bW9kaWZ5X3Bhc3N3b3Jk,1578089432,MTY0LjU2Ljg0LjExMg==
16951164,16950956,75947,bW9kaWZ5X3Bhc3N3b3Jk,1578050452,MjQ0LjEwMy4yMjAuNTg=
16971426,16968655,76007,bXlfb3JkZXJz,1578149741,MjYuMTYyLjE5OS4yMTM=
16975708,16975354,76057,bXlfb3JkZXJz,1577911796,MTcwLjE2Ni4yMzcuMTgw
16985342,16985235,76180,bXlfb3JkZXJz,1578364005,NTkuMTU1LjYwLjMy
17009089,17007122,76232,bXlfb3JkZXJz,1578078112,NjQuMjA0LjEyMS4xNzg=
17046653,17048624,76313,bW9kaWZ5X3Bhc3N3b3Jk,1577978330,MTEyLjEzMC4xMC4yMA==
17047059,17047576,76313,bXlfb3JkZXJz,1578043815,MTEyLjEzMC4xMC4yMA==
17098477,17100851,76438,bW9kaWZ5X3Bhc3N3b3Jk,1578112933,MTg0LjIwMC4yNDQuMzA=
17107899,17108951,76448,bW9kaWZ5X3Bhc3N3b3Jk,1578011765,MjI2LjEwMC4zMS4xOTE=
17110763,17112424,76449,bXlfb3JkZXJz,1577897276,MjIxLjIxOC4xODkuMjMy
17120336,17119388,76458,dmlld19zdG9yZQ==,1578340359,MTkyLjExNy4zOC42Mw==
17133649,17135304,76494,bW9kaWZ5X3Bhc3N3b3Jk,1577962230,MTkzLjE1LjIxMi43Mg==
17154131,17153226,76604,bXlfb3JkZXJz,1578227427,NTQuMTEwLjIwNC4yNDQ=
17194361,17194552,76723,bXlfb3JkZXJz,1578070603,MjMuMjI5Ljg0LjExMw==
17215450,17219908,76811,bXlfb3JkZXJz,1578026672,NDMuNDcuMTcuNDA=
17226883,17224993,76817,bXlfb3JkZXJz,1578182748,MzQuMS4yMDQuMjIx
17242069,17242439,76870,bXlfb3JkZXJz,1577915261,MTEzLjE0Mi4xMjQuNzY=
17272469,17274556,76936,bW9kaWZ5X3Bhc3N3b3Jk,1577976796,MTU5Ljg2LjEyMi4xOTI=
17304460,17304563,77020,dmlld19zdG9yZQ==,1578234611,MTU3LjE3Ny4yMDguMTQ2
17311011,17310698,77035,bXlfb3JkZXJz,1578353417,OC4yMC42Mi4yNDI=
17328026,17324554,77108,bXlfb3JkZXJz,1578290337,MjE2LjM5LjEzOC4xNzc=
17365027,17365181,77168,bXlfb3JkZXJz,1578156800,MjM1LjE3Mi4xMzQuNDQ=
17375379,17375577,77207,bXlfb3JkZXJz,1578215708,ODMuMTY1LjEwMC4yMTk=
17376190,17373033,77207,bW9kaWZ5X3Bhc3N3b3Jk,1578342369,ODMuMTY1LjEwMC4yMTk=
17377568,17377684,77208,bW9kaWZ5X3Bhc3N3b3Jk,1578158657,MTIzLjExMi4yNC4yMDM=
17397465,17397665,77253,bW9kaWZ5X3Bhc3N3b3Jk,1578378416,OTAuMjEzLjEyNC4yMA==
17418588,17418867,77328,bXlfb3JkZXJz,1578231507,NTEuMjA4LjIyLjE2
17429713,17427552,77414,bXlfb3JkZXJz,1578412398,NDAuMTk1LjIyMi4yMjg=
17438769,17438567,77464,bXlfb3JkZXJz,1578021719,MjYuMTAwLjIyNy4yMzE=
17450350,17451953,77524,dmlld19zdG9yZQ==,1578091580,OTcuMTcyLjEzNS43NQ==
17507031,17505040,77779,bXlfb3JkZXJz,1578073109,MjQ0LjY3LjEyNS4xNjA=
17515484,17515412,77801,bXlfb3JkZXJz,1578329700,NTAuNTAuNS40Ng==
17519431,17519030,77816,bXlfb3JkZXJz,1577941211,MTc2LjE0Ni4xMjguMjI2
17569408,17569289,78055,bXlfb3JkZXJz,1577967453,MTI2LjI0OS4xMzEuMTcw
17588576,17588554,78088,bXlfb3JkZXJz,1578030004,MjIuNDEuNTAuMjU=
17600067,17601335,78091,bW9kaWZ5X3Bhc3N3b3Jk,1578273831,MjguMzUuMTc0LjIwNQ==
17645592,17646408,78269,bXlfb3JkZXJz,1577955741,MTE3LjE4NS4xMzEuMTM=
17681322,17683309,78372,bXlfb3JkZXJz,1578047401,NjIuMTA4LjI0MC44Mw==
17690606,17689757,78401,bXlfb3JkZXJz,1578118655,MjAuMTM0Ljc0LjIxMg==
17751065,17751173,78591,bXlfb3JkZXJz,1577868835,MjEzLjU5LjE0Ny45NA==
17763053,17763463,78618,bXlfb3JkZXJz,1578059748,MTc5LjU0LjEwNS40Mg==
17763127,17763045,78618,bXlfb3JkZXJz,1578101927,MTcwLjE2NC4yNC4zMA==
17785168,17784874,78673,bXlfb3JkZXJz,1577895913,MTI4LjQ1LjIyMi45OQ==
17845049,17843333,78920,bXlfb3JkZXJz,1578134114,MTMwLjE5Ny41OC40Ng==
17853208,17853368,78937,bXlfb3JkZXJz,1578177574,ODcuMjE0LjE5Mi4yMzE=
17868478,17870369,78991,bXlfb3JkZXJz,1578054453,NzEuMTczLjQyLjIwMw==
17871678,17873982,79018,bW9kaWZ5X3Bhc3N3b3Jk,1577916385,MTU2LjE2Ni44MC4xMjI=
17887884,17890163,79052,bW9kaWZ5X3Bhc3N3b3Jk,1577978730,MTA5LjEwMS4yNTQuMTI=
17891378,17893274,79090,bXlfb3JkZXJz,1577898872,MTA0LjEwMS4yMzIuMTM2
17908557,17906024,79161,bXlfb3JkZXJz,1578153913,MjEwLjYyLjMyLjIzMw==
17976116,17977152,79504,bXlfb3JkZXJz,1577921116,MTQxLjEwLjQ1LjEx
17999753,17999209,79544,bXlfb3JkZXJz,1578102643,MjI0LjkxLjExNS42OQ==
18028920,18029987,79603,bXlfb3JkZXJz,1578249258,OTguNTguMjAzLjU=
18034428,18034637,79617,bW9kaWZ5X3Bhc3N3b3Jk,1578242344,NTAuNDYuMTg1LjExMQ==
18040445,18042227,79638,bXlfb3JkZXJz,1578078097,MTc0LjEyOC44My4xODg=
18041940,18038550,79638,bXlfb3JkZXJz,1578264639,NjEuMzQuMTI4LjE4NA==
18042604,18038428,79638,bXlfb3JkZXJz,1578352586,NjEuMzQuMTI4LjE4NA==
18048254,18049860,79657,bXlfb3JkZXJz,1577916127,MTA5LjEyNi4xMzguMTQz
18149429,18151555,79977,dmlld19zdG9yZQ==,1578080655,MjMxLjIwOC44MC4yMzg=
18157750,18156795,79989,bXlfb3JkZXJz,1578343352,MTg1LjAuMjAwLjE5OA==
18159546,18159770,79991,bXlfb3JkZXJz,1578262128,NzMuNDIuNTUuMTgz
18169602,18168967,80051,bXlfb3JkZXJz,1578157975,MjQ0LjQzLjI0OC4xNA==
18187063,18189449,80171,dmlld19zdG9yZQ==,1577841955,MTUuMjIxLjE3Ny40NA==
18204116,18205827,80269,bXlfb3JkZXJz,1577864150,MTMwLjE1Ny4yMzkuMTA4
18300216,18300042,80613,bXlfb3JkZXJz,1577850808,MjE5LjI0MS4xNjkuMTk3
18346395,18346120,80793,bXlfb3JkZXJz,1578131935,MjIxLjIxOC4xODkuMjMy
18349237,18352761,80795,bW9kaWZ5X3Bhc3N3b3Jk,1577951229,MjQyLjI0MS4xNDEuMTQy
18380864,18379941,80873,bXlfb3JkZXJz,1578254149,MjIzLjEwNi4yMTIuOTk=
18398788,18400472,80933,bXlfb3JkZXJz,1577901315,MTg5LjE2OC4xOTQuMjQz
18426289,18425162,81036,bXlfb3JkZXJz,1578209055,NDcuMTA1LjEyMy4yMzQ=
18430522,18431871,81046,bW9kaWZ5X3Bhc3N3b3Jk,1578192816,NjYuOTQuNDAuNjc=
18463972,18463907,81177,bXlfb3JkZXJz,1578023792,MjAxLjcuNDQuMjIw
18503991,18504317,81362,bXlfb3JkZXJz,1578104900,MTk4LjM5LjIzNy43NA==
18515729,18516602,81405,bW9kaWZ5X3Bhc3N3b3Jk,1578116011,NjMuMTM1LjUzLjE2Mg==
18516045,18518124,81405,bXlfb3JkZXJz,1578155185,NjMuMTM1LjUzLjE2Mg==
18521367,18521689,81420,bXlfb3JkZXJz,1578062005,MTQwLjE3Ljk1LjE0NQ==
18541413,18542565,81466,bXlfb3JkZXJz,1578171425,MTkwLjIzOC4xMzEuMTM1
18554538,18552706,81514,bXlfb3JkZXJz,1578411286,MjM0Ljc2LjEwMy4xMDg=
18585591,18583889,81632,bW9kaWZ5X3Bhc3N3b3Jk,1578273974,NjEuODEuMTQwLjEwNg==
18591951,18592295,81659,bXlfb3JkZXJz,1577998128,MTUwLjEzNS4xODkuMjQx
18641450,18639980,81889,bXlfb3JkZXJz,1578150978,MTczLjE3NS4xMzQuMjA2
18661292,18662349,81995,bXlfb3JkZXJz,1577858395,MTE3LjIwMi4xNjIuNzU=
18674192,18673403,82040,bXlfb3JkZXJz,1578114869,MzUuMTQ1LjE1My4yMDc=
18681992,18681028,82049,bXlfb3JkZXJz,1578232428,MTAxLjEwNi4xNy45Mw==
18705926,18706917,82120,bXlfb3JkZXJz,1578153799,NzIuODcuMTk5LjIy
18715033,18714490,82233,bXlfb3JkZXJz,1578337561,MTMyLjExOC4xNTQuMjI4
18758116,18761314,82488,bXlfb3JkZXJz,1577949707,MTQwLjE1OS4yMzguMzE=
18764162,18764007,82496,bW9kaWZ5X3Bhc3N3b3Jk,1578267495,MjU1Ljc1LjE0Ni4xMzQ=
18773476,18774829,82530,bXlfb3JkZXJz,1578189384,MTk4Ljc3LjEyOC44OQ==
18790040,18790993,82593,bXlfb3JkZXJz,1578258110,MjM2LjE3LjYuMTE=
18855964,18854050,82755,bXlfb3JkZXJz,1578322408,NjYuNTYuMjUzLjEwNg==
18862893,18862097,82778,bXlfb3JkZXJz,1578128900,MTIyLjEyNy4xNTcuMTg2
18878861,18879842,82838,bW9kaWZ5X3Bhc3N3b3Jk,1577948312,MTgxLjkxLjgwLjIyNA==
18888465,18889351,82889,bXlfb3JkZXJz,1577844517,MTA4LjEwNS4yMjAuNTc=
18900024,18900758,82895,bXlfb3JkZXJz,1578163306,OTcuNC4yLjE5Mg==
18927650,18928389,83006,bW9kaWZ5X3Bhc3N3b3Jk,1578046320,NTguMjA3LjI1LjM4
18954104,18953727,83106,bW9kaWZ5X3Bhc3N3b3Jk,1577953343,MjE1LjYzLjE2Ny4xODM=
19015660,19016069,83414,bXlfb3JkZXJz,1578000179,NTMuMTEwLjU0LjE1Nw==
19025941,19025490,83479,bXlfb3JkZXJz,1578091534,MzEuMjQzLjE3LjIzMQ==
19046413,19045547,83528,bW9kaWZ5X3Bhc3N3b3Jk,1578250564,MjI3LjE1OC40MC4xNTI=
19067694,19069464,83616,bXlfb3JkZXJz,1577999270,MTMxLjE0OS4xODYuMTA3
19085270,19086882,83670,bXlfb3JkZXJz,1577895057,MTE5LjQ2LjIyNi4xMjg=
19087722,19087674,83686,bW9kaWZ5X3Bhc3N3b3Jk,1578370919,NTguMzMuMjQ0Ljk2
19102861,19102693,83750,bW9kaWZ5X3Bhc3N3b3Jk,1578122770,MjMyLjY5Ljk0Ljk2
19120511,19116305,83787,bXlfb3JkZXJz,1578310108,MjMwLjEzMy4xMDEuMTc3
19156956,19157096,83884,bW9kaWZ5X3Bhc3N3b3Jk,1577845448,MTUuNDQuMjI2LjE1
19164714,19164404,83903,bXlfb3JkZXJz,1578228777,ODguMzAuMjM4LjYw
19172109,19170766,83948,bW9kaWZ5X3Bhc3N3b3Jk,1578235741,NzIuMTI3LjE0Mi4yMjk=
19201526,19201454,84114,bXlfb3JkZXJz,1577989216,MTk1Ljg4LjE1Ni4yMDE=
19201991,19200941,84114,bXlfb3JkZXJz,1578061692,MTk1Ljg4LjE1Ni4yMDE=
19230859,19230555,84208,bXlfb3JkZXJz,1578348422,ODcuMjM2LjE0NC45MQ==
19243104,19242349,84242,bW9kaWZ5X3Bhc3N3b3Jk,1578129544,MzcuMTMzLjI3LjYz
19256054,19255875,84309,bXlfb3JkZXJz,1577954881,MTA4LjEwNS4yMjAuNTc=
19275301,19273824,84373,bW9kaWZ5X3Bhc3N3b3Jk,1578130920,MTc3LjEyOS4xNzUuMTMx
19283555,19283548,84405,bXlfb3JkZXJz,1578291954,MTU5LjE4Ny43OS4yMjc=
19303821,19302297,84487,bXlfb3JkZXJz,1578369907,MjA5LjEzMC42LjIxMw==
19306460,19305518,84496,bXlfb3JkZXJz,1578007252,My4xODUuMTAyLjE2Mg==
19332905,19332579,84555,bXlfb3JkZXJz,1578206178,MTkzLjIxOC4xNjYuMjE5
19351284,19351033,84634,bXlfb3JkZXJz,1578389004,OTcuMjkuNDEuMTIw
19359484,19359327,84677,bXlfb3JkZXJz,1577924246,NjEuMTE4LjQ5LjE2Mw==
19386104,19387505,84807,bXlfb3JkZXJz,1578150253,MjM4LjM3LjEyNy4yNDU=
19399719,19401012,84845,bW9kaWZ5X3Bhc3N3b3Jk,1578053665,Mi4xOTEuMjEyLjIzOA==
19460178,19460698,85052,bXlfb3JkZXJz,1577826899,MTAyLjE5My4yMy4xMzM=
19461701,19462554,85055,bXlfb3JkZXJz,1577822897,MTMxLjE1NC43LjE0Nw==
19463900,19464292,85068,bXlfb3JkZXJz,1577953521,MTk3LjIyLjk1LjEyNg==
19468180,19468185,85080,bW9kaWZ5X3Bhc3N3b3Jk,1578255548,ODYuNTkuMTQzLjEy
19531143,19531416,85282,bXlfb3JkZXJz,1578297258,OTYuMjA2LjE1LjE2NA==
19541587,19543143,85302,bW9kaWZ5X3Bhc3N3b3Jk,1578196037,MTU5LjIxNy4xMjguMTMy
19576351,19576628,85473,bXlfb3JkZXJz,1578337947,NzguMjA0LjExMS4yMzI=
19621883,19622102,85602,bXlfb3JkZXJz,1578313395,MjUyLjEwOC43MS4xOA==
19625956,19627153,85615,bXlfb3JkZXJz,1578028385,ODYuMTQ5Ljk3LjQz
19638315,19639631,85658,bXlfb3JkZXJz,1578197755,MTc0Ljk5LjEwOC4xNDI=
19643727,19641458,85664,bXlfb3JkZXJz,1578221858,MTg3LjIzNS4yMjMuMTMx
19687338,19687704,85849,bXlfb3JkZXJz,1578314024,MjAzLjE3Mi4yNDIuMTM3
19781242,19779657,86246,bW9kaWZ5X3Bhc3N3b3Jk,1578045271,MjI5LjEzMC4yNy4yMzI=
19785340,19784696,86250,bW9kaWZ5X3Bhc3N3b3Jk,1578252316,MjE5LjUyLjI1NC4xMDE=
19795783,19796017,86339,bXlfb3JkZXJz,1577948885,MTY2LjExMS4xMzYuMjIx
19817800,19819386,86464,bXlfb3JkZXJz,1577929272,NjYuOTQuNDAuNjc=
19821026,19820962,86471,bW9kaWZ5X3Bhc3N3b3Jk,1577938779,MTQwLjE3NS40OC45OA==
19829220,19831398,86513,bW9kaWZ5X3Bhc3N3b3Jk,1577816054,MTU4LjE0OC4xNzMuMjM2
19853428,19853177,86610,bXlfb3JkZXJz,1578240352,OTYuMTY2LjIyOS4xNjM=
19863579,19864570,86668,bW9kaWZ5X3Bhc3N3b3Jk,1578018735,MTY1LjIxOS4yOC4yMjQ=
19876698,19876286,86688,bXlfb3JkZXJz,1578379623,OTEuMjMyLjYuMjE5
19938080,19935654,86920,bXlfb3JkZXJz,1578211632,OTYuMTc1LjM4LjI1NQ==
19938396,19938759,86920,bXlfb3JkZXJz,1578251429,OTYuMTc1LjM4LjI1NQ==
19950595,19949535,86993,bXlfb3JkZXJz,1578097065,MjEyLjE2MS4yNDEuMjM3
19960545,19960591,87004,bW9kaWZ5X3Bhc3N3b3Jk,1578209883,MjQ2LjI0Ny40Ny40MA==
19972928,19971869,87025,bXlfb3JkZXJz,1578376951,MjQwLjExLjc2Ljc2
19977511,19976389,87046,bXlfb3JkZXJz,1578042314,MTg5LjE3OC45LjQ1
20003083,20005089,87138,bXlfb3JkZXJz,1577850789,MTM3LjEyMC41My4yNg==
20014701,20015236,87158,bXlfb3JkZXJz,1578267443,NDcuODguMzUuMTYx
20017989,20017013,87169,bW9kaWZ5X3Bhc3N3b3Jk,1578057418,MTQ4LjI0NS40NC4yMzA=
20025578,20023913,87183,bXlfb3JkZXJz,1578264221,MjQ3LjIzLjEyMS4xNTk=
20029762,20032177,87232,bXlfb3JkZXJz,1577936769,MTEyLjE3NC4yMTIuNDM=
20038375,20037248,87267,bXlfb3JkZXJz,1578141766,NjguMTM0LjI0LjQw
20043156,20041069,87275,bW9kaWZ5X3Bhc3N3b3Jk,1578308381,NTUuMTEwLjIwNC4xNTc=
20043667,20042186,87275,bXlfb3JkZXJz,1578373143,NTUuMTEwLjIwNC4xNTc=
20059171,20058906,87318,bXlfb3JkZXJz,1578285052,NzcuMTc3LjYxLjIwNg==
20060939,20061182,87361,bXlfb3JkZXJz,1577986588,MTI0LjI0OS44My43OA==
20095533,20093088,87489,bXlfb3JkZXJz,1578374749,NTMuNzMuMjM5Ljg0
20115892,20116934,87569,bXlfb3JkZXJz,1577983209,MTQ4LjM2LjUwLjEy
20147514,20146245,87723,bXlfb3JkZXJz,1578086512,MTQwLjE3NS40OC45OA==
20193331,20193527,87870,bXlfb3JkZXJz,1577841183,MTUwLjU4LjE3NS4xNjQ=
20197946,20198660,87884,bW9kaWZ5X3Bhc3N3b3Jk,1578133933,MjA5LjE4Mi4yMTMuOTc=
20201670,20203220,87901,bXlfb3JkZXJz,1577852060,MTA2LjE2Ny42Ny4yNDk=
20217289,20218336,87915,bXlfb3JkZXJz,1578007806,ODMuMTYwLjE2Ni44Mg==
20244540,20245850,88006,bXlfb3JkZXJz,1577838754,MTA4LjE1Ni4xNzMuMTgz
20263148,20263728,88086,bXlfb3JkZXJz,1578002525,NDAuMTMzLjIyLjA=
20299054,20298161,88200,bXlfb3JkZXJz,1578153758,OTAuMjEzLjEyNC4yMA==
20317434,20317585,88274,bXlfb3JkZXJz,1577857565,MTMuMTU4LjE3OS4yNDQ=
20318757,20319191,88278,bXlfb3JkZXJz,1578070455,MjIxLjIxOC4yNC4xOTI=
20323033,20322875,88286,bW9kaWZ5X3Bhc3N3b3Jk,1578388354,MjM1LjM3LjIwOC43
20335179,20335619,88309,bXlfb3JkZXJz,1577827732,MjAzLjI1My4yNDcuMTM=
20343042,20342925,88364,bXlfb3JkZXJz,1578144530,MTYwLjExMC4zNy4xMzk=
20354395,20353031,88464,bXlfb3JkZXJz,1578214079,MjI5Ljk0LjI0OC4xNjY=
20374496,20374225,88529,bW9kaWZ5X3Bhc3N3b3Jk,1578318323,OTQuMTczLjUzLjE4
20393801,20393848,88650,bXlfb3JkZXJz,1578037843,MzkuMjQwLjQ4LjEwMQ==
20429803,20428466,88801,bXlfb3JkZXJz,1578242849,MTg2LjcyLjE4Ni4zNg==
20498170,20496867,89049,bXlfb3JkZXJz,1578183288,MTkwLjE5Ny4yMTEuNjU=
20534053,20534828,89130,bXlfb3JkZXJz,1578132881,MjI4LjIyNS4yMTcuMTQ5
20573989,20573420,89258,bXlfb3JkZXJz,1578285927,NTQuNTAuMjM1LjEzNg==
20587937,20585242,89303,bXlfb3JkZXJz,1578282491,NjAuMTUxLjE3Ni4xMTQ=
20631836,20633020,89485,bXlfb3JkZXJz,1578009074,MTU4LjQxLjEzMi44Mg==
20632946,20632182,89485,bXlfb3JkZXJz,1578300630,MTY2LjIzOS4xNzMuNTM=
20657312,20657890,89553,bXlfb3JkZXJz,1578286251,MTgxLjE0Ny41OC4xMjI=
20724277,20723538,89850,bXlfb3JkZXJz,1577950930,MTQ1LjExMi4xNjMuMTM1
20736259,20734706,89878,bW9kaWZ5X3Bhc3N3b3Jk,1578050487,MTI1LjguMjU0LjIxNA==
20754771,20755982,90038,bXlfb3JkZXJz,1578091026,NjIuMTEzLjEzMi4yMTM=
20760755,20763898,90049,bXlfb3JkZXJz,1577975244,MTMyLjY0LjI1NS4yMzY=
20782992,20784172,90205,bW9kaWZ5X3Bhc3N3b3Jk,1577873103,MTE0LjI0NS4zNC4yMDA=
20791983,20790886,90236,bXlfb3JkZXJz,1578371674,MzYuNC40NC4xMTY=
20803770,20804359,90262,bXlfb3JkZXJz,1578226721,MjQxLjEwMy4yMTguMTE3
20838911,20839107,90390,bXlfb3JkZXJz,1578031759,MTAwLjExNi45My4yMjY=
20852319,20852192,90447,bXlfb3JkZXJz,1578080671,NDYuNjAuODIuMTc5
20870565,20872220,90477,bW9kaWZ5X3Bhc3N3b3Jk,1577910712,MTM2LjIyNS4yMDQuMTc2
20876608,20876368,90495,bW9kaWZ5X3Bhc3N3b3Jk,1577924165,MTMyLjIxOS4xNzEuMTYw
20880984,20879434,90514,bW9kaWZ5X3Bhc3N3b3Jk,1578372809,MzEuMTYyLjc5LjIxOA==
20910452,20909033,90629,bXlfb3JkZXJz,1578232609,MTY0LjU2Ljg0LjExMg==
20941877,20942009,90685,bXlfb3JkZXJz,1578141563,MjEwLjQ2LjU2LjE0Mw==
20951912,20952021,90748,bW9kaWZ5X3Bhc3N3b3Jk,1578351464,NTUuMTQzLjEyMi44OQ==
20957236,20954442,90759,bXlfb3JkZXJz,1578312803,NTMuMTA3LjU2LjIyMQ==
20973899,20973398,90814,bXlfb3JkZXJz,1578198762,NjAuMTY0LjIwNS4yNDI=
20994135,20993702,90924,bXlfb3JkZXJz,1578358475,MTcxLjEzMS4yMTkuNjQ=
20999533,21000030,90937,bXlfb3JkZXJz,1578125186,MjAxLjcuNDQuMjIw
21004691,21003302,90941,dmlld19zdG9yZQ==,1578400398,MzkuMTA4LjIxNS41MA==
21014769,21014463,90991,bXlfb3JkZXJz,1578070317,MTU3LjIyNy4xOTguMjEx
21060863,21059896,91139,bW9kaWZ5X3Bhc3N3b3Jk,1578066060,MTM3LjE3NS4xMDQuNTk=
21061655,21061590,91139,bXlfb3JkZXJz,1578142355,MTc5LjE5OS40Mi4xNTI=
21066403,21065717,91158,dmlld19zdG9yZQ==,1578024693,MTIwLjIxNy4yMjQuMTIz
21084619,21082698,91244,bXlfb3JkZXJz,1578307603,ODIuMTQxLjIzNi4yMjM=
21102369,21102991,91307,bW9kaWZ5X3Bhc3N3b3Jk,1577968544,MTc2LjEwNi4yNDcuMjE=
21110267,21112091,91312,bXlfb3JkZXJz,1578080604,MjE3LjI1LjI1MC4xNTM=
21150816,21149324,91597,bXlfb3JkZXJz,1578332383,OTQuMTExLjI0NS43
21171516,21171204,91711,bW9kaWZ5X3Bhc3N3b3Jk,1578049755,MTczLjE0Ni4xMS4xMTc=
21174255,21172666,91714,bXlfb3JkZXJz,1578005106,MjQ4LjE2NC4xMDMuMjE=
21174356,21176380,91714,bW9kaWZ5X3Bhc3N3b3Jk,1578013317,MjQ4LjE2NC4xMDMuMjE=
21182744,21181761,91743,bXlfb3JkZXJz,1578324722,MzIuNTMuNDguOTk=
21194334,21192989,91807,bXlfb3JkZXJz,1578288932,MTI5LjEwOC4yMjAuODE=
21226649,21227957,91957,bXlfb3JkZXJz,1578213841,MzMuNi4yMzYuMTkz
21233236,21237100,91975,bW9kaWZ5X3Bhc3N3b3Jk,1577906053,MjQzLjQ0LjE4LjE5Mg==
21238848,21240062,91998,bXlfb3JkZXJz,1578132140,MTk2LjQ4Ljk5LjE0Ng==
21241044,21240378,92019,bXlfb3JkZXJz,1578080508,MTQwLjcyLjE5Mi4xNjA=
21246971,21246918,92037,bXlfb3JkZXJz,1578281935,OC40MC41MC4xNzk=
21303270,21298205,92210,bW9kaWZ5X3Bhc3N3b3Jk,1578371740,ODUuNTkuNS4xOQ==
21347098,21346662,92383,bW9kaWZ5X3Bhc3N3b3Jk,1577977773,MTIyLjIxMS4yMjMuODM=
21365290,21363867,92473,bXlfb3JkZXJz,1578357305,NjcuMTQuMjQwLjA=
21369894,21369689,92508,bXlfb3JkZXJz,1578085836,MTg2LjY5LjE3My4yMDk=
21396256,21399412,92605,bW9kaWZ5X3Bhc3N3b3Jk,1577940362,MTczLjE2OS45Ni4zNg==
21399941,21399705,92617,bW9kaWZ5X3Bhc3N3b3Jk,1577878970,MTA3LjExMC44MC45Nw==
21407608,21407846,92641,bXlfb3JkZXJz,1577974503,MTc3LjI0MS4xNTAuMjQz
21418616,21416115,92657,bXlfb3JkZXJz,1578337014,OTMuMjQzLjEwOC4zMQ==
21440210,21439857,92750,bXlfb3JkZXJz,1577950416,MTQzLjIxNS4xODkuODE=
21453933,21454356,92810,bXlfb3JkZXJz,1577962932,MTAwLjMuMTU5LjEyMg==
21480968,21480497,92947,bXlfb3JkZXJz,1578403289,OTYuNTcuMjMuNDI=
21481759,21485739,92971,bXlfb3JkZXJz,1577902502,NjMuMTU0LjEzNS4xODI=
21490385,21489342,92989,bXlfb3JkZXJz,1578047926,MTgwLjIzOS45OS43MA==
21522334,21523020,93116,dmlld19zdG9yZQ==,1578250126,ODUuMTY5LjI1NC41OQ==
21653096,21651968,93690,bXlfb3JkZXJz,1578272723,MjExLjEyMC4xNzUuMjM5
21698923,21698341,93836,bXlfb3JkZXJz,1578270117,ODAuOS4yNTQuMTgz
21744953,21746405,93993,bXlfb3JkZXJz,1577973470,MTQwLjU3LjE4NC4xNzU=
21791653,21788394,94093,bXlfb3JkZXJz,1578311328,OTguMTE2LjI1My4xMzM=
21839497,21838162,94283,bW9kaWZ5X3Bhc3N3b3Jk,1578120038,NzIuMTg2LjI3LjEzNA==
21857345,21850663,94303,bXlfb3JkZXJz,1578386041,MjEuOTIuMzkuOTM=
21861627,21864267,94320,bXlfb3JkZXJz,1577924159,MTUyLjI0OC4xMDQuMTYx
21866005,21866952,94322,bW9kaWZ5X3Bhc3N3b3Jk,1578012665,NzEuNDUuMTE1LjE3Nw==
21896596,21895730,94479,bW9kaWZ5X3Bhc3N3b3Jk,1578071636,ODQuMTkwLjIzMC42Nw==
21911871,21914482,94576,bXlfb3JkZXJz,1577922616,MTIwLjE2MS43Mi4xNzA=
21926136,21925841,94598,bW9kaWZ5X3Bhc3N3b3Jk,1577892536,MTI3LjE3OC4xMTMuNDk=
21928612,21925623,94598,bW9kaWZ5X3Bhc3N3b3Jk,1578255730,NTQuMjMxLjc1LjE0OA==
21935279,21936313,94646,bXlfb3JkZXJz,1577870678,MTQzLjIxNS4xODkuODE=
21935989,21937025,94646,bXlfb3JkZXJz,1578055455,MjUuMTI2LjIzMy4xMDY=
21952196,21952584,94798,bXlfb3JkZXJz,1578269653,MjM5LjguOS4xMA==
21968789,21969469,94886,bXlfb3JkZXJz,1578094671,MjA3LjIxNi4xMzUuMjEz
21971288,21971459,94890,bXlfb3JkZXJz,1577960455,MTAwLjEwOC4xMDMuMTU3
21999056,22001569,94941,bXlfb3JkZXJz,1577998864,MTI2LjEwOS4zLjQ5
22028095,22028665,95187,bXlfb3JkZXJz,1578247290,NjQuNzQuMTk4Ljk2
22099051,22099907,95370,bXlfb3JkZXJz,1578132428,MjQ5LjE1MC4yMDkuMTg4
22117557,22117929,95599,bW9kaWZ5X3Bhc3N3b3Jk,1578261785,NDEuNjIuMTg3LjE1NA==
22147962,22146740,95703,bW9kaWZ5X3Bhc3N3b3Jk,1578391704,MjQ4LjIwOS41Ny4xODk=
22199115,22199790,95905,bW9kaWZ5X3Bhc3N3b3Jk,1577984807,MTMwLjEzNi4xMS41
22203094,22202136,95915,bXlfb3JkZXJz,1578115227,NjEuMTc1Ljc5LjE4OQ==
22227974,22227467,96040,bW9kaWZ5X3Bhc3N3b3Jk,1577883123,MjIwLjE4Mi4xMjguMTIw
22267264,22266687,96209,bW9kaWZ5X3Bhc3N3b3Jk,1578401865,NzQuMjMyLjQzLjI1MA==
22282719,22282923,96263,bXlfb3JkZXJz,1578259483,MjI5LjE2OS43NS4xMzY=
22312036,22312769,96447,bXlfb3JkZXJz,1578195414,MjYuMTYzLjE4MC4yNTI=
22330203,22330345,96505,bXlfb3JkZXJz,1578194970,MTcwLjE3NS4xMjQuMTIy
22348610,22349693,96591,bXlfb3JkZXJz,1578066409,MTk4LjIyMC4xLjg0
22387611,22387932,96773,bXlfb3JkZXJz,1578155054,MjUuMTkwLjE0OS4xNTY=
22412082,22411071,96910,bXlfb3JkZXJz,1578360185,NjEuMy4xOS44Mg==
22418917,22418597,96939,bXlfb3JkZXJz,1578049878,MjI4LjguMjI4LjIy
22426990,22426757,96951,bXlfb3JkZXJz,1577964824,NzIuODcuMTk5LjIy
22435295,22435890,96967,bW9kaWZ5X3Bhc3N3b3Jk,1578088963,MTc2LjExMC41NC43MQ==
22436002,22433748,96967,bXlfb3JkZXJz,1578185166,MTk4LjE2OS4xODguMjM1
22449845,22451223,96996,bW9kaWZ5X3Bhc3N3b3Jk,1578043410,MTE5LjgzLjk1LjE3
22485988,22485075,97222,bXlfb3JkZXJz,1578314421,OTcuMjQ0LjI1LjEzMg==
22516707,22509358,97262,bXlfb3JkZXJz,1578410576,NDUuMTM0LjE3My4xNDk=
22554190,22554073,97412,bXlfb3JkZXJz,1578107757,MjM3LjI1MS4xOS43Nw==
22560615,22563488,97418,bW9kaWZ5X3Bhc3N3b3Jk,1577927568,MjI3LjkxLjEwMC43Nw==
22568058,22567963,97445,bW9kaWZ5X3Bhc3N3b3Jk,1577967778,MjI0LjE2LjI1My43Mg==
22575876,22575096,97516,bXlfb3JkZXJz,1578107291,NjEuMTE4LjQ5LjE2Mw==
22645778,22647721,97751,bXlfb3JkZXJz,1577984175,MjQyLjExNy41My4yMzk=
22659590,22660570,97793,bXlfb3JkZXJz,1577996935,MTc2LjY0LjUwLjY0
22671678,22670181,97803,bXlfb3JkZXJz,1578123622,MjkuMTg2LjExNi4yMzE=
22683858,22684066,97870,bXlfb3JkZXJz,1578290452,MTI0LjIwMS41LjE4NQ==
22724928,22726439,98059,bXlfb3JkZXJz,1578123724,MjUyLjE1LjkwLjIz
22767837,22770850,98293,bW9kaWZ5X3Bhc3N3b3Jk,1577831127,MjQwLjYuMjE4LjI0Nw==
22783231,22783270,98363,bXlfb3JkZXJz,1578108464,NjguMTQ5LjQxLjEwMA==
22842027,22842751,98656,bXlfb3JkZXJz,1578201027,NTIuMjA1LjIwMC44OQ==
22856719,22854216,98690,bXlfb3JkZXJz,1578248558,ODYuMTA4LjEzMS4xOQ==
22872465,22870621,98821,bXlfb3JkZXJz,1578367608,MjE1LjIwNy4xMTkuMTUy
22884133,22884085,98849,bXlfb3JkZXJz,1578005434,MTE3LjE4LjIwLjEzOQ==
22885505,22885657,98849,bW9kaWZ5X3Bhc3N3b3Jk,1578177460,MTg4LjExLjE2MS45OQ==
22897513,22900292,98901,bXlfb3JkZXJz,1577808230,MTE3LjIyNi43NS4xOTg=
22924562,22924893,99019,bXlfb3JkZXJz,1578094349,MTMwLjExNy40Mi4yMDE=
22928009,22932456,99030,bXlfb3JkZXJz,1577849580,MTExLjE3LjcxLjIwNw==
22931067,22928502,99030,bW9kaWZ5X3Bhc3N3b3Jk,1578229165,MjE5LjE3NS4yNy4xNjE=
22947446,22947908,99072,bXlfb3JkZXJz,1578066129,MjQ1LjEzOS4xNTguNA==
22959603,22961039,99122,bXlfb3JkZXJz,1578130202,ODQuOTguNTcuNDA=
23000805,23003369,99304,bXlfb3JkZXJz,1577921847,MTE5LjExMy4xMi4yNDU=
23013167,23011070,99342,bW9kaWZ5X3Bhc3N3b3Jk,1578249544,MjIzLjU2LjEyOC45Nw==
23024944,23020237,99348,bXlfb3JkZXJz,1578329576,MTc4LjI2LjEzNi42Mw==
23025331,23023122,99348,bXlfb3JkZXJz,1578368729,MTkzLjI1LjIwMy4xNzc=
23028536,23028746,99375,bW9kaWZ5X3Bhc3N3b3Jk,1578198410,NDQuMjA0LjI1NS4xNDc=
23031990,23032515,99377,bW9kaWZ5X3Bhc3N3b3Jk,1578238155,MjUwLjIuOTMuMTk3
23055397,23054718,99425,bXlfb3JkZXJz,1578370842,OTYuMTMyLjU5LjE5OQ==
23057430,23059931,99450,bXlfb3JkZXJz,1577898108,MTc3LjExNi4xNDAuMTM3
23079599,23078659,99523,bXlfb3JkZXJz,1578017801,MjI1LjEzLjE3MS4yMjA=
23104898,23101563,99629,bXlfb3JkZXJz,1578366314,NTEuMjUzLjI0OC4yMTM=
23117713,23117881,99745,bXlfb3JkZXJz,1577909882,MTI0LjYwLjY5LjE3MQ==
23121951,23122023,99779,dmlld19zdG9yZQ==,1578228456,MzEuNjQuMjEwLjI4
23152786,23153197,99962,bW9kaWZ5X3Bhc3N3b3Jk,1577894300,MTY1LjY5LjY1LjEwMQ==
23177398,23176723,100020,dmlld19zdG9yZQ==,1578027780,MjIuMTEzLjUyLjIyMQ==
23210678,23210960,100221,bXlfb3JkZXJz,1577965820,MjI5Ljk0LjI0OC4xNjY=
23256499,23254299,100369,bW9kaWZ5X3Bhc3N3b3Jk,1578324797,NTUuMTQxLjE4MS44Mw==
23270957,23269703,100431,bXlfb3JkZXJz,1578127949,NjcuOC45MS4yMw==
23313535,23313462,100605,bXlfb3JkZXJz,1578121671,NzIuNDYuMTc5Ljky
23320149,23318123,100677,bW9kaWZ5X3Bhc3N3b3Jk,1578362366,MTkyLjIxNy4xOTguMTAw
23340003,23340371,100761,bW9kaWZ5X3Bhc3N3b3Jk,1578140555,MjYuMy43MS4yNTE=
23367057,23368547,100832,bXlfb3JkZXJz,1578158716,MzIuMTYyLjIyMi4yMTY=
23400189,23400519,100969,bW9kaWZ5X3Bhc3N3b3Jk,1578139286,ODAuMjE4LjE3Ny4zMQ==
23403317,23402801,100992,bXlfb3JkZXJz,1577978247,MTIuMTMzLjIzMS4yMTA=
23426065,23428941,101074,bXlfb3JkZXJz,1577981186,MTY0LjIyNS4xNTkuODg=
23457550,23457522,101251,bXlfb3JkZXJz,1577998294,NzMuMTkyLjE5LjExMA==
23492890,23494098,101326,bXlfb3JkZXJz,1578096682,MTAxLjE4OS4zLjE1
23533217,23530665,101420,bW9kaWZ5X3Bhc3N3b3Jk,1578351243,NDkuNjIuNTAuMTE2
23569170,23566023,101651,bXlfb3JkZXJz,1578405290,NC4zNi41MS44Nw==
23592812,23593714,101756,bXlfb3JkZXJz,1577925425,MTM5LjIxNy4xMzEuMjM3
23606703,23607207,101772,bW9kaWZ5X3Bhc3N3b3Jk,1577964121,MTA5LjEzLjQxLjEyNw==
23609906,23608753,101778,bXlfb3JkZXJz,1578307315,NTQuOTEuMTYzLjE3
23657216,23656684,101955,bW9kaWZ5X3Bhc3N3b3Jk,1578300927,NTguMzMuMjQ0Ljk2
23660591,23662135,101968,bXlfb3JkZXJz,1578039329,NjAuMTkwLjE3Mi4xMzg=
23763746,23762648,102380,bXlfb3JkZXJz,1578055536,MjEwLjI0My44MS41OA==
23770076,23771487,102428,bXlfb3JkZXJz,1578009136,MTE3LjE1NS4yMzguMTc2
23773755,23774047,102442,bXlfb3JkZXJz,1578183193,MjM3LjIyMy43My4xMzY=
23806140,23806437,102572,bW9kaWZ5X3Bhc3N3b3Jk,1578051189,MzguMTE5LjI0Mi4xMzg=
23828659,23826928,102682,bXlfb3JkZXJz,1578231791,ODIuNi4xOTYuMTYw
23851863,23850730,102785,bXlfb3JkZXJz,1578393137,OTEuMTc3LjE4NC4yMzA=
23852636,23852253,102787,bXlfb3JkZXJz,1578196355,MTQzLjE4Ny4xNC42
23853740,23853197,102790,bXlfb3JkZXJz,1578286233,ODAuMTkzLjE5Ni4y
23946818,23946165,103273,bXlfb3JkZXJz,1578201486,MzMuNzkuMTQ2LjQx
23948137,23948942,103298,bXlfb3JkZXJz,1577941090,MTM2LjIzOS4yMDIuMTc1
23980175,23979656,103456,bXlfb3JkZXJz,1578246693,MjQwLjExLjc2Ljc2
23993541,23993848,103472,bXlfb3JkZXJz,1578221818,OTQuMjMuODkuMjEx
24006420,24005624,103498,bXlfb3JkZXJz,1578325942,MjQwLjE2MS4yMzYuMjU1
24015733,24015526,103511,bXlfb3JkZXJz,1578145202,MTM3LjEuMTUxLjE2OA==
24062846,24063522,103713,bXlfb3JkZXJz,1578036751,MTUuNDguMTIxLjM1
24091077,24091640,103805,bXlfb3JkZXJz,1578080135,MTc3LjU1LjEzNy40Nw==
24105481,24103599,103864,bXlfb3JkZXJz,1578389891,MjA3LjE2My4yNTMuMTg=
24127732,24128715,103948,bXlfb3JkZXJz,1577850900,MTU2LjIwMy4xNTguMzM=
24176867,24179992,104219,bXlfb3JkZXJz,1577845263,MjAuNDkuMjUyLjEzMA==
24200260,24200520,104318,bW9kaWZ5X3Bhc3N3b3Jk,1577822043,MTUwLjE4OC4xMTcuMjUy
24229765,24229986,104495,bXlfb3JkZXJz,1577878968,MTYwLjEyMS40MS4yNDc=
24229880,24230142,104495,bXlfb3JkZXJz,1577918863,MTYwLjEyMS40MS4yNDc=
24230041,24229967,104495,bXlfb3JkZXJz,1577963106,MTYwLjEyMS40MS4yNDc=
24240122,24237161,104506,bXlfb3JkZXJz,1578402631,MTkuNjkuMjAyLjIzMQ==
24248404,24248230,104544,bXlfb3JkZXJz,1578213727,NjYuMTM3LjE5OS40NA==
24273541,24272462,104674,bXlfb3JkZXJz,1578346375,OTEuMC42Mi45OA==
24325061,24324159,104902,bW9kaWZ5X3Bhc3N3b3Jk,1578071694,MTMxLjIxNy4xNDUuMjA0
24349710,24346163,104936,bXlfb3JkZXJz,1578311101,ODIuNTcuMTQyLjE5OA==
24380459,24381618,105065,bXlfb3JkZXJz,1577812830,NjguMTE5LjQuMTc3
24401665,24402188,105127,bXlfb3JkZXJz,1577933040,NTAuNDYuMTg1LjExMQ==
24407727,24408131,105131,bXlfb3JkZXJz,1578250487,MjkuNDYuNDUuMjM4
24418918,24418939,105162,bW9kaWZ5X3Bhc3N3b3Jk,1578144051,MTYuMTY5LjU2LjQ3
24437928,24437908,105260,bXlfb3JkZXJz,1578222906,NzAuMTU3LjE3LjI1Mw==
24537188,24538638,105683,bXlfb3JkZXJz,1578049691,MzcuMTQ2LjEyMS4yNA==
24585191,24585647,105874,bXlfb3JkZXJz,1577986359,MTgxLjE2NS4xMzIuNTM=
24616520,24616880,105978,bXlfb3JkZXJz,1578310539,OTYuMjA2LjE1LjE2NA==
24621309,24622926,105993,bW9kaWZ5X3Bhc3N3b3Jk,1578109403,NTUuMi4xOTYuMTQy
24621809,24619194,105993,bXlfb3JkZXJz,1578168961,MTAxLjY5LjI0MS4xMDk=
24623857,24620225,105993,bXlfb3JkZXJz,1578400053,OTUuMTcwLjk1LjE1Mg==
24640241,24639562,106079,bXlfb3JkZXJz,1578160294,MTg2LjQ0LjIyLjI0OA==
24640253,24641439,106079,bW9kaWZ5X3Bhc3N3b3Jk,1578161830,MTg2LjQ0LjIyLjI0OA==
24666581,24664550,106147,bW9kaWZ5X3Bhc3N3b3Jk,1578358240,MzAuMTExLjIzOS4zOQ==
24666596,24666166,106147,bXlfb3JkZXJz,1578359635,MzAuMTExLjIzOS4zOQ==
24682602,24682647,106239,bW9kaWZ5X3Bhc3N3b3Jk,1578289277,ODUuMjEzLjIwMy4y
24699497,24699015,106315,bXlfb3JkZXJz,1578193226,NDguMTU1LjEwNS4xMjQ=
24705512,24705098,106355,bXlfb3JkZXJz,1578077558,MTUzLjk2LjIwMy4xOTU=
24708200,24709215,106362,bXlfb3JkZXJz,1578039053,MTY4LjI1NC4yNTEuMjE2
24713455,24712238,106367,bXlfb3JkZXJz,1578264271,NDMuMTc1LjE3Mi4y
24728494,24728848,106482,bXlfb3JkZXJz,1578110061,MTEwLjYwLjEwNi4xNjc=
24734276,24732554,106489,bXlfb3JkZXJz,1578385553,ODkuMjA0LjE2NS4yNDQ=
24736784,24737130,106510,bXlfb3JkZXJz,1578150726,MjA1LjIyLjEuNDQ=
24771187,24771816,106582,bW9kaWZ5X3Bhc3N3b3Jk,1578194592,NzguMjUwLjIwMi4yNTU=
24776178,24775774,106593,bXlfb3JkZXJz,1578365489,ODYuMTk5LjkwLjU4
24791955,24791784,106682,bXlfb3JkZXJz,1578131888,OTQuNTAuMjIzLjY2
24860871,24862581,106927,bXlfb3JkZXJz,1578088464,NDYuMjE0LjYzLjExNA==
24861129,24861162,106927,bW9kaWZ5X3Bhc3N3b3Jk,1578128478,NDYuMjE0LjYzLjExNA==
24866182,24865788,106956,bXlfb3JkZXJz,1578230830,MjQzLjUwLjEyNC4yNTU=
24879934,24881838,107010,dmlld19zdG9yZQ==,1578023676,MTMyLjE0NS4yMTQuMjA2
24899823,24898809,107072,bW9kaWZ5X3Bhc3N3b3Jk,1578252579,NjYuNDkuMTE1LjMy
24909158,24909170,107170,bXlfb3JkZXJz,1577897922,MTkzLjExNy4xMjQuMTQw
24911402,24911608,107170,bXlfb3JkZXJz,1578214674,NDcuOTQuMjA3LjIxMw==
24937840,24938658,107235,bW9kaWZ5X3Bhc3N3b3Jk,1578041386,MTY1LjUwLjQ3LjUx
24970999,24971138,107423,bXlfb3JkZXJz,1578147771,MjEwLjk4LjIzNC43Nw==
24982365,24983821,107452,bXlfb3JkZXJz,1577965771,MTg1LjY1LjE4My4xMTA=
24983730,24983360,107452,bW9kaWZ5X3Bhc3N3b3Jk,1578321266,NzMuMTQxLjE0MS44
24986243,24984349,107457,dmlld19zdG9yZQ==,1578295184,NDIuMjA1LjI1MS43MA==
24996112,24996301,107493,bXlfb3JkZXJz,1578304660,ODYuMTYxLjE5Ny4xNTE=
